epoch,time,train/box_loss,train/cls_loss,train/dfl_loss,metrics/precision(B),metrics/recall(B),metrics/mAP50(B),metrics/mAP50-95(B),val/box_loss,val/cls_loss,val/dfl_loss,lr/pg0,lr/pg1,lr/pg2
1,9.0523,2.57239,5.35246,2.03243,0.63845,0.26667,0.33921,0.12386,1.88957,2.57359,1.53816,0.00026672,0.00026672,0.00026672
2,13.4847,1.7388,1.87829,1.49769,0.89612,0.86279,0.90303,0.54366,1.3801,1.11051,1.30026,0.000549202,0.000549202,0.000549202
3,19.9238,1.47328,1.27184,1.33276,1,0.95893,0.96528,0.60441,1.30265,1.00028,1.25409,0.000830749,0.000830749,0.000830749
4,26.1803,1.42222,1.17899,1.24768,0.99557,0.96667,0.96518,0.61998,1.12778,0.71806,1.22114,0.00111136,0.00111136,0.00111136
5,31.942,1.39715,1.03492,1.22727,1,0.95832,0.96516,0.56072,1.37399,1.37042,1.34312,0.00139104,0.00139104,0.00139104
6,37.3753,1.35013,1.00682,1.21395,0.95691,0.96667,0.96619,0.70392,0.94149,0.77342,1.11593,0.00165325,0.00165325,0.00165325
7,43.1497,1.24355,0.9422,1.19587,0.99282,0.96667,0.96626,0.74602,0.93556,0.748,1.12295,0.0016505,0.0016505,0.0016505
8,48.7951,1.23147,0.83459,1.16044,0.99999,0.96667,0.96615,0.68632,1.06195,0.65344,1.16739,0.00164775,0.00164775,0.00164775
9,54.3274,1.19978,0.80055,1.14781,0.96134,0.96667,0.96445,0.65137,1.12024,0.69644,1.20487,0.001645,0.001645,0.001645
10,59.8487,1.12823,0.71547,1.10891,0.99549,0.96667,0.96634,0.71542,1.01436,0.64105,1.08493,0.00164225,0.00164225,0.00164225
11,65.3764,1.13465,0.68541,1.12895,0.99646,0.96667,0.96784,0.72165,1.05774,0.65121,1.12696,0.00163949,0.00163949,0.00163949
12,70.9991,1.09359,0.66412,1.08262,0.9961,0.96667,0.96667,0.70648,0.94242,0.49903,1.07401,0.00163674,0.00163674,0.00163674
13,76.5224,1.05658,0.6561,1.0697,0.99036,0.96667,0.96596,0.70167,0.97626,0.5379,1.0867,0.00163399,0.00163399,0.00163399
14,82.6939,1.08631,0.64065,1.09468,0.99686,0.96667,0.96672,0.73259,0.96933,0.50344,1.08688,0.00163124,0.00163124,0.00163124
15,87.8721,1.07073,0.62471,1.07081,0.99381,0.96667,0.96744,0.71461,0.99386,0.52664,1.06621,0.00162849,0.00162849,0.00162849
16,93.4962,1.05681,0.62185,1.07391,0.9969,0.96667,0.96858,0.7091,0.91595,0.48655,1.03607,0.00162574,0.00162574,0.00162574
17,98.8792,1.02457,0.59576,1.06568,0.96578,0.96667,0.9687,0.64936,1.05664,0.52754,1.11932,0.00162299,0.00162299,0.00162299
18,104.463,1.00704,0.62132,1.05122,0.99692,0.96667,0.96772,0.70644,0.96933,0.54681,1.0644,0.00162024,0.00162024,0.00162024
19,110.005,0.97761,0.57858,1.03857,0.98807,0.96667,0.96643,0.73857,0.8835,0.51228,1.0515,0.00161749,0.00161749,0.00161749
20,115.567,1.03589,0.60037,1.05092,0.99652,0.96667,0.96681,0.69949,1.02692,0.54212,1.0648,0.00161474,0.00161474,0.00161474
21,121.289,0.97414,0.57086,1.04226,0.99349,0.96667,0.9697,0.73646,0.91938,0.51818,1.03708,0.00161199,0.00161199,0.00161199
22,126.994,0.9631,0.57062,1.03918,0.99696,0.96667,0.96992,0.769,0.91367,0.54134,1.02981,0.00160924,0.00160924,0.00160924
23,132.809,0.9364,0.56175,1.01086,0.99415,0.96667,0.9683,0.69746,0.92596,0.52116,1.00699,0.00160649,0.00160649,0.00160649
24,138.352,0.96212,0.55837,1.02064,0.99143,0.96667,0.96855,0.76584,0.84495,0.54201,0.98168,0.00160374,0.00160374,0.00160374
25,144.27,0.97851,0.55537,1.02661,0.99406,0.96667,0.96928,0.71178,0.88558,0.4832,1.03662,0.00160099,0.00160099,0.00160099
26,149.862,0.91518,0.54804,1.00696,0.99543,0.96667,0.9682,0.73575,0.83984,0.46945,1.00415,0.00159824,0.00159824,0.00159824
27,155.448,0.94369,0.53276,1.00355,0.99527,0.96667,0.96878,0.71857,0.95177,0.50067,1.02621,0.00159549,0.00159549,0.00159549
28,161.011,0.916,0.53603,1.01316,0.98944,0.96667,0.96868,0.75578,0.93968,0.53996,1.05471,0.00159274,0.00159274,0.00159274
29,166.562,0.92703,0.54232,1.03183,0.99585,0.96667,0.97161,0.77564,0.89188,0.46988,1.02431,0.00158998,0.00158998,0.00158998
30,172.165,0.92775,0.53115,1.01495,0.99676,0.96667,0.97074,0.75207,0.8878,0.50798,1.02518,0.00158723,0.00158723,0.00158723
31,177.786,0.92455,0.54263,1.00553,0.99752,0.96667,0.97044,0.73749,0.9395,0.49825,1.05439,0.00158448,0.00158448,0.00158448
32,183.438,0.91849,0.53591,1.00635,0.99763,0.96667,0.96858,0.7493,0.87969,0.46011,1.01638,0.00158173,0.00158173,0.00158173
33,188.969,0.91381,0.53186,0.99867,0.99521,0.96667,0.96788,0.73994,0.86898,0.43458,1.01752,0.00157898,0.00157898,0.00157898
34,194.634,0.93898,0.52874,1.00858,0.99645,0.96667,0.97257,0.74791,0.92131,0.43601,1.04703,0.00157623,0.00157623,0.00157623
35,200.161,0.90705,0.52734,1.00014,0.9967,0.96667,0.97342,0.72163,0.92642,0.43863,1.05185,0.00157348,0.00157348,0.00157348
36,205.879,0.89168,0.5112,0.98432,0.99727,0.96667,0.97205,0.7399,0.90469,0.42386,1.02258,0.00157073,0.00157073,0.00157073
37,211.556,0.84439,0.49055,0.96428,0.99698,0.96667,0.97225,0.7873,0.90721,0.43595,1.01298,0.00156798,0.00156798,0.00156798
38,217.345,0.88983,0.50568,0.99333,0.99522,0.96667,0.97329,0.77309,0.8789,0.41131,1.01114,0.00156523,0.00156523,0.00156523
39,222.651,0.87082,0.48852,0.98931,0.99608,0.96667,0.97524,0.7811,0.90895,0.3974,1.00924,0.00156248,0.00156248,0.00156248
40,228.318,0.88101,0.4999,0.99768,0.99598,0.96667,0.97121,0.74783,0.89355,0.40703,0.99977,0.00155973,0.00155973,0.00155973
41,233.885,0.88126,0.51096,0.99265,0.99602,0.96667,0.97432,0.73558,0.91244,0.43221,1.0167,0.00155698,0.00155698,0.00155698
42,239.518,0.8356,0.4753,0.96038,0.99707,0.96667,0.9737,0.78836,0.83187,0.3687,0.99923,0.00155423,0.00155423,0.00155423
43,245.429,0.86024,0.49494,0.97131,0.99752,0.96667,0.97467,0.76129,0.88334,0.40512,0.99393,0.00155148,0.00155148,0.00155148
44,250.956,0.84132,0.48146,0.96015,0.99609,0.96667,0.97152,0.75554,0.8264,0.38876,1.01632,0.00154873,0.00154873,0.00154873
45,256.35,0.83789,0.48871,0.97584,0.99439,0.96667,0.96892,0.73444,0.87619,0.41199,1.00233,0.00154598,0.00154598,0.00154598
46,261.88,0.82944,0.48144,0.94598,0.99486,0.96667,0.96805,0.72437,0.90118,0.46445,1.02748,0.00154323,0.00154323,0.00154323
47,267.322,0.84479,0.47909,0.97195,0.99431,0.96667,0.96802,0.72303,0.95441,0.42754,1.06541,0.00154047,0.00154047,0.00154047
48,272.951,0.82707,0.46709,0.9719,0.99666,0.96667,0.97152,0.75797,0.93088,0.42193,1.02078,0.00153772,0.00153772,0.00153772
49,278.458,0.8048,0.47,0.95899,0.99689,0.96667,0.97038,0.78324,0.83426,0.40689,1.0312,0.00153497,0.00153497,0.00153497
50,284.012,0.83349,0.47268,0.97028,0.99685,0.96667,0.9686,0.73238,0.9166,0.4497,1.06196,0.00153222,0.00153222,0.00153222
51,289.963,0.81248,0.46,0.95154,0.99561,0.96667,0.97114,0.78392,0.86469,0.42124,1.01687,0.00152947,0.00152947,0.00152947
52,295.281,0.7804,0.45138,0.94742,0.99569,0.96667,0.97022,0.78544,0.82518,0.38385,1.0277,0.00152672,0.00152672,0.00152672
53,300.988,0.81427,0.47085,0.95334,0.99524,0.96667,0.96935,0.77622,0.83015,0.4006,1.00646,0.00152397,0.00152397,0.00152397
54,306.528,0.82572,0.47583,0.95273,0.99725,0.96667,0.97107,0.7609,0.8547,0.3909,0.99103,0.00152122,0.00152122,0.00152122
55,312.049,0.81988,0.47107,0.97116,0.99763,0.96667,0.97257,0.78724,0.86034,0.42397,1.01099,0.00151847,0.00151847,0.00151847
56,317.699,0.78785,0.46597,0.94276,0.99716,0.96667,0.97342,0.76726,0.8756,0.40608,1.01287,0.00151572,0.00151572,0.00151572
57,323.303,0.77915,0.43751,0.93713,0.99752,0.96667,0.97169,0.73821,0.89637,0.40549,1.03473,0.00151297,0.00151297,0.00151297
58,328.878,0.78131,0.45085,0.94791,0.99678,0.96667,0.97268,0.76583,0.90281,0.40495,1.02502,0.00151022,0.00151022,0.00151022
59,334.414,0.78269,0.43102,0.94605,0.99729,0.96667,0.97329,0.74975,0.96597,0.42008,1.04198,0.00150747,0.00150747,0.00150747
60,340.101,0.81543,0.45508,0.9644,0.99472,0.96667,0.97144,0.76226,0.90092,0.38724,1.05555,0.00150472,0.00150472,0.00150472
61,345.72,0.77333,0.44023,0.94982,0.99619,0.96667,0.97467,0.78388,0.87774,0.39687,0.99657,0.00150197,0.00150197,0.00150197
62,351.316,0.76028,0.43708,0.93613,0.99367,0.96667,0.97635,0.802,0.8579,0.40782,0.99385,0.00149922,0.00149922,0.00149922
63,356.992,0.76789,0.44229,0.94763,0.9969,0.96667,0.97544,0.8096,0.80205,0.42047,0.9731,0.00149647,0.00149647,0.00149647
64,362.795,0.76981,0.44117,0.94325,0.99707,0.96667,0.97205,0.79832,0.84216,0.40324,1.00219,0.00149372,0.00149372,0.00149372
65,368.283,0.76316,0.43144,0.93249,0.99744,0.96667,0.97565,0.76902,0.88695,0.40246,1.03962,0.00149096,0.00149096,0.00149096
66,373.785,0.77386,0.43938,0.93911,0.99723,0.96667,0.97504,0.78308,0.85986,0.38203,1.0238,0.00148821,0.00148821,0.00148821
67,379.403,0.7488,0.4237,0.92978,0.99711,0.96667,0.97524,0.79606,0.85202,0.38811,1.00303,0.00148546,0.00148546,0.00148546
68,385.171,0.73948,0.42096,0.92808,0.99722,0.96667,0.97385,0.77109,0.839,0.34244,1.02481,0.00148271,0.00148271,0.00148271
69,390.693,0.75562,0.44291,0.93878,0.99596,0.96667,0.97485,0.78139,0.9054,0.37193,1.04075,0.00147996,0.00147996,0.00147996
70,396.269,0.76334,0.44777,0.9331,0.99635,0.96667,0.97587,0.78175,0.83595,0.33875,1.00931,0.00147721,0.00147721,0.00147721
71,401.921,0.77769,0.44724,0.93606,0.99468,0.96667,0.9695,0.77716,0.79671,0.37725,0.96855,0.00147446,0.00147446,0.00147446
72,407.611,0.72404,0.43677,0.92258,0.98743,0.96667,0.97093,0.79017,0.79109,0.3876,0.9587,0.00147171,0.00147171,0.00147171
73,413.424,0.75343,0.43423,0.94028,0.99526,0.96667,0.97342,0.79662,0.81759,0.39032,0.96574,0.00146896,0.00146896,0.00146896
74,419.018,0.78306,0.45074,0.94157,0.99418,0.96667,0.97144,0.77133,0.89863,0.40575,1.00089,0.00146621,0.00146621,0.00146621
75,424.707,0.69612,0.41313,0.90536,0.99114,0.96667,0.97342,0.77367,0.88366,0.39138,1.02693,0.00146346,0.00146346,0.00146346
76,430.443,0.72268,0.41419,0.918,0.98801,0.96667,0.97342,0.77031,0.8945,0.39622,1.04595,0.00146071,0.00146071,0.00146071
77,436.143,0.73356,0.42366,0.91544,0.99091,0.96667,0.97587,0.77376,0.89555,0.37015,1.05609,0.00145796,0.00145796,0.00145796
78,441.809,0.69954,0.40156,0.91232,0.99518,0.96667,0.97467,0.78568,0.88007,0.36814,1.04798,0.00145521,0.00145521,0.00145521
79,447.371,0.74339,0.43357,0.92451,0.99513,0.96667,0.97114,0.7671,0.90737,0.36922,1.05234,0.00145246,0.00145246,0.00145246
80,452.975,0.72172,0.42659,0.91231,0.99231,0.96667,0.97215,0.77947,0.84989,0.37889,1.01027,0.00144971,0.00144971,0.00144971
81,458.502,0.74586,0.40918,0.91613,0.99256,0.96667,0.97246,0.76309,0.8817,0.36246,1.03495,0.00144696,0.00144696,0.00144696
82,463.983,0.72623,0.41923,0.92683,0.99361,0.96667,0.97279,0.75554,0.87048,0.39661,1.02016,0.00144421,0.00144421,0.00144421
83,469.558,0.73824,0.42521,0.92554,0.99369,0.96667,0.97169,0.7673,0.87148,0.37945,1.03599,0.00144145,0.00144145,0.00144145
84,475.365,0.70535,0.41571,0.91483,0.99583,0.96667,0.97268,0.77704,0.87114,0.37418,1.0113,0.0014387,0.0014387,0.0014387
85,480.884,0.69438,0.40528,0.91686,0.99666,0.96667,0.97432,0.78422,0.85316,0.35588,1.013,0.00143595,0.00143595,0.00143595
86,486.464,0.68298,0.39498,0.89978,0.9969,0.96667,0.97565,0.77943,0.89069,0.34505,1.01251,0.0014332,0.0014332,0.0014332
87,492.057,0.7091,0.41277,0.91781,0.99684,0.96667,0.97714,0.78201,0.8745,0.33955,1.03685,0.00143045,0.00143045,0.00143045
88,497.695,0.70477,0.40655,0.91073,0.9969,0.96667,0.97686,0.78505,0.82638,0.3441,1.02173,0.0014277,0.0014277,0.0014277
89,503.225,0.70625,0.39822,0.90667,0.99599,0.96667,0.9766,0.79532,0.84715,0.34392,1.02858,0.00142495,0.00142495,0.00142495
90,508.76,0.7255,0.42588,0.92828,0.98798,0.96667,0.97356,0.79518,0.84289,0.35292,0.98044,0.0014222,0.0014222,0.0014222
91,514.345,0.70904,0.41022,0.92115,0.99237,0.96667,0.96892,0.76825,0.84402,0.36262,1.02497,0.00141945,0.00141945,0.00141945
92,519.918,0.68747,0.39384,0.91128,0.99755,0.96667,0.97205,0.7642,0.83661,0.36914,0.99931,0.0014167,0.0014167,0.0014167
93,525.446,0.71994,0.39805,0.91265,0.99774,0.96667,0.97246,0.77753,0.84145,0.34586,1.03305,0.00141395,0.00141395,0.00141395
94,530.862,0.67548,0.39155,0.90204,0.99753,0.96667,0.97279,0.7816,0.88991,0.3728,1.04212,0.0014112,0.0014112,0.0014112
95,536.252,0.69609,0.3956,0.90715,0.99703,0.96667,0.97316,0.78969,0.84441,0.34551,1.02171,0.00140845,0.00140845,0.00140845
96,541.771,0.67971,0.39134,0.91637,0.99332,0.96667,0.97611,0.77077,0.86922,0.36583,1.05143,0.0014057,0.0014057,0.0014057
97,547.271,0.67463,0.38581,0.89806,0.99581,0.96667,0.9766,0.77837,0.84094,0.35042,1.02777,0.00140295,0.00140295,0.00140295
98,552.634,0.69908,0.4071,0.9157,0.99571,0.96667,0.97504,0.78635,0.83361,0.34899,1.03076,0.0014002,0.0014002,0.0014002
99,557.984,0.7055,0.40387,0.90431,0.99051,0.96667,0.97316,0.77326,0.85848,0.38561,1.03343,0.00139745,0.00139745,0.00139745
100,563.376,0.69997,0.39172,0.91541,0.98159,0.96667,0.97107,0.77235,0.83754,0.39177,1.03055,0.0013947,0.0013947,0.0013947
101,568.639,0.71138,0.39821,0.90058,0.98783,0.96667,0.97137,0.77645,0.88194,0.40469,1.0527,0.00139195,0.00139195,0.00139195
102,574.173,0.6811,0.38586,0.91418,0.98625,0.96667,0.97144,0.78657,0.7971,0.38868,1.03043,0.00138919,0.00138919,0.00138919
103,579.706,0.67475,0.38672,0.89699,0.98475,0.96667,0.97565,0.80185,0.79187,0.36615,1.02118,0.00138644,0.00138644,0.00138644
104,585.654,0.67965,0.39478,0.91636,0.98364,0.96667,0.97587,0.81003,0.80073,0.37324,1.00569,0.00138369,0.00138369,0.00138369
105,591.087,0.67532,0.39164,0.90359,0.99073,0.96667,0.97485,0.79936,0.77647,0.35428,0.98301,0.00138094,0.00138094,0.00138094
106,596.503,0.6659,0.39425,0.89604,0.99088,0.96667,0.97291,0.79717,0.77531,0.36183,0.95514,0.00137819,0.00137819,0.00137819
107,602.028,0.65787,0.38197,0.88827,0.99125,0.96667,0.971,0.80368,0.74505,0.37872,0.95465,0.00137544,0.00137544,0.00137544
108,607.663,0.67877,0.38179,0.90097,0.9943,0.96667,0.97316,0.78687,0.80455,0.35006,0.98635,0.00137269,0.00137269,0.00137269
109,613.187,0.63937,0.37697,0.89331,0.99218,0.96667,0.97196,0.78638,0.81178,0.3552,1.02153,0.00136994,0.00136994,0.00136994
110,618.71,0.68634,0.39913,0.89911,0.98631,0.96667,0.97432,0.79046,0.82319,0.33759,1.02878,0.00136719,0.00136719,0.00136719
111,624.153,0.67323,0.39869,0.8989,0.97636,0.96667,0.97449,0.78375,0.87513,0.35209,1.0275,0.00136444,0.00136444,0.00136444
112,629.563,0.69619,0.39834,0.90391,0.97471,0.96667,0.97152,0.76266,0.89276,0.3736,1.01965,0.00136169,0.00136169,0.00136169
113,634.972,0.65495,0.3796,0.89721,0.98815,0.96667,0.97129,0.74458,0.91738,0.36344,1.06311,0.00135894,0.00135894,0.00135894
114,640.496,0.68267,0.40181,0.90336,0.99334,0.96667,0.9737,0.77003,0.87519,0.34245,1.03458,0.00135619,0.00135619,0.00135619
115,646.243,0.67274,0.39145,0.89979,0.99429,0.96667,0.97773,0.77721,0.84043,0.32055,1.04305,0.00135344,0.00135344,0.00135344
116,652.093,0.63905,0.38163,0.88743,0.99399,0.96667,0.97714,0.77347,0.88548,0.35225,1.04879,0.00135069,0.00135069,0.00135069
117,657.942,0.65401,0.37114,0.9073,0.98982,0.96667,0.97416,0.77742,0.87058,0.34816,1.04403,0.00134794,0.00134794,0.00134794
118,663.473,0.66903,0.38131,0.90163,0.99654,0.96667,0.97205,0.76967,0.86617,0.336,1.02636,0.00134519,0.00134519,0.00134519
119,668.965,0.66103,0.38858,0.89363,0.99741,0.96667,0.97235,0.77281,0.86614,0.34686,1.03154,0.00134244,0.00134244,0.00134244
120,674.649,0.64676,0.38091,0.90268,0.99737,0.96667,0.97611,0.78384,0.89706,0.34612,1.05207,0.00133968,0.00133968,0.00133968
121,680.073,0.66283,0.37125,0.88387,0.99407,0.96667,0.97485,0.78717,0.84526,0.32601,1.04249,0.00133693,0.00133693,0.00133693
122,685.628,0.65028,0.37082,0.89262,0.96476,0.96667,0.97257,0.77587,0.85329,0.37269,1.03284,0.00133418,0.00133418,0.00133418
123,691.197,0.64168,0.36917,0.88376,0.96394,0.96667,0.97225,0.8106,0.80636,0.37394,1.01109,0.00133143,0.00133143,0.00133143
124,697.296,0.6615,0.37396,0.895,0.99435,0.96667,0.97416,0.80283,0.78682,0.34452,0.99788,0.00132868,0.00132868,0.00132868
125,702.771,0.66431,0.37637,0.90293,0.99307,0.96667,0.97316,0.80152,0.802,0.32759,0.99958,0.00132593,0.00132593,0.00132593
126,708.19,0.62169,0.35653,0.88556,0.99171,0.96667,0.97178,0.7772,0.79031,0.3389,0.97508,0.00132318,0.00132318,0.00132318
127,713.744,0.66103,0.37426,0.90795,0.99498,0.96667,0.97093,0.79892,0.74742,0.32245,0.97683,0.00132043,0.00132043,0.00132043
128,719.411,0.63446,0.3621,0.87942,0.99593,0.96667,0.97329,0.81015,0.74063,0.30777,0.97098,0.00131768,0.00131768,0.00131768
129,724.952,0.65015,0.36778,0.87506,0.99626,0.96667,0.97196,0.79046,0.75218,0.31188,0.97352,0.00131493,0.00131493,0.00131493
130,730.541,0.65428,0.36234,0.8833,0.99686,0.96667,0.97114,0.78438,0.77406,0.31974,0.98668,0.00131218,0.00131218,0.00131218
131,736.268,0.66421,0.37376,0.88296,0.99429,0.96667,0.97449,0.7908,0.80713,0.3292,1.00294,0.00130943,0.00130943,0.00130943
132,741.911,0.63454,0.35942,0.87278,0.99367,0.96667,0.97773,0.81553,0.75295,0.34068,0.97003,0.00130668,0.00130668,0.00130668
133,747.556,0.67723,0.38219,0.89945,0.9955,0.96667,0.97838,0.81817,0.75884,0.31803,0.95085,0.00130393,0.00130393,0.00130393
134,753.22,0.64944,0.38135,0.89794,0.99333,0.96667,0.97524,0.81391,0.71808,0.3135,0.93172,0.00130118,0.00130118,0.00130118
135,758.759,0.63932,0.35965,0.88506,0.99246,0.96667,0.9737,0.82501,0.68777,0.30866,0.93583,0.00129843,0.00129843,0.00129843
136,764.428,0.63016,0.35457,0.89174,0.99372,0.96667,0.97805,0.83876,0.73423,0.32437,0.94375,0.00129568,0.00129568,0.00129568
137,769.968,0.63778,0.37424,0.88329,0.99327,0.96667,0.97714,0.81603,0.75327,0.31873,0.96253,0.00129293,0.00129293,0.00129293
138,775.23,0.63688,0.36891,0.88327,0.99149,0.96667,0.97449,0.79719,0.76549,0.3295,0.973,0.00129017,0.00129017,0.00129017
139,780.552,0.61904,0.35922,0.88063,0.99578,0.96667,0.97686,0.80202,0.77264,0.31782,0.96097,0.00128742,0.00128742,0.00128742
140,786.387,0.61751,0.35824,0.8745,0.99657,0.96667,0.98035,0.81232,0.78454,0.32641,0.98534,0.00128467,0.00128467,0.00128467
141,791.833,0.63265,0.36706,0.87574,0.9953,0.96667,0.98035,0.82487,0.75377,0.32256,0.98909,0.00128192,0.00128192,0.00128192
142,797.329,0.63974,0.37553,0.88438,0.99333,0.96667,0.97544,0.78351,0.79718,0.34127,1.01039,0.00127917,0.00127917,0.00127917
143,802.714,0.64696,0.3639,0.88554,0.98318,0.96667,0.97012,0.7988,0.7309,0.34134,0.98062,0.00127642,0.00127642,0.00127642
144,808.36,0.63397,0.36897,0.8855,0.97746,0.96667,0.96898,0.76737,0.74811,0.33283,0.97742,0.00127367,0.00127367,0.00127367
145,814.3,0.61482,0.35986,0.87686,0.98173,0.96667,0.97067,0.78565,0.72299,0.3348,0.98249,0.00127092,0.00127092,0.00127092
146,819.997,0.65116,0.37303,0.88458,0.99443,0.96667,0.97504,0.78946,0.77659,0.35823,0.97753,0.00126817,0.00126817,0.00126817
147,825.868,0.62176,0.36959,0.88362,0.99733,0.96667,0.97485,0.80362,0.75003,0.33102,0.98442,0.00126542,0.00126542,0.00126542
148,831.52,0.63686,0.3681,0.87792,0.99768,0.96667,0.97485,0.78171,0.79881,0.34513,1.01057,0.00126267,0.00126267,0.00126267
149,837.042,0.63375,0.3685,0.88529,0.99793,0.96667,0.97467,0.80416,0.78237,0.32171,1.01372,0.00125992,0.00125992,0.00125992
150,842.71,0.60738,0.3537,0.88061,0.99763,0.96667,0.97449,0.79937,0.76792,0.31908,1.00964,0.00125717,0.00125717,0.00125717
151,848.277,0.59931,0.35567,0.87054,0.99675,0.96667,0.9737,0.77992,0.79493,0.32771,1.02718,0.00125442,0.00125442,0.00125442
152,854.262,0.58399,0.34914,0.87698,0.99756,0.96667,0.97055,0.79016,0.80982,0.33139,1.02928,0.00125167,0.00125167,0.00125167
153,860.071,0.60841,0.34782,0.87999,0.99752,0.96667,0.97012,0.78427,0.78412,0.33087,1.00986,0.00124892,0.00124892,0.00124892
154,865.421,0.5767,0.34081,0.85648,0.99655,0.96667,0.9686,0.80794,0.7759,0.31112,0.99427,0.00124617,0.00124617,0.00124617
155,871.171,0.6029,0.34245,0.87158,0.99578,0.96667,0.96803,0.79259,0.77043,0.32496,1.00241,0.00124342,0.00124342,0.00124342
156,876.641,0.60713,0.33946,0.86453,0.98809,0.96667,0.97449,0.80411,0.81254,0.3368,1.03186,0.00124066,0.00124066,0.00124066
157,882.294,0.61609,0.36326,0.87849,0.98677,0.96667,0.97587,0.81926,0.75078,0.32024,0.9922,0.00123791,0.00123791,0.00123791
158,887.783,0.59625,0.35708,0.87408,0.98523,0.96667,0.97385,0.77732,0.79769,0.35961,0.996,0.00123516,0.00123516,0.00123516
159,893.248,0.59311,0.34546,0.8845,0.99059,0.96667,0.97587,0.80726,0.73699,0.33008,0.98083,0.00123241,0.00123241,0.00123241
160,898.873,0.61397,0.34781,0.88888,0.98973,0.96667,0.97991,0.82316,0.76091,0.33241,0.9915,0.00122966,0.00122966,0.00122966
161,904.437,0.62367,0.35764,0.87835,0.9895,0.96667,0.98035,0.81397,0.77067,0.33841,0.99197,0.00122691,0.00122691,0.00122691
162,909.987,0.58841,0.34419,0.87316,0.98403,0.96667,0.97504,0.8037,0.77608,0.36427,0.98558,0.00122416,0.00122416,0.00122416
163,915.472,0.64099,0.36618,0.88874,0.98054,0.96667,0.97467,0.80325,0.78928,0.37013,0.98272,0.00122141,0.00122141,0.00122141
164,921.197,0.60321,0.34933,0.87105,0.9862,0.96667,0.97504,0.81255,0.77394,0.35967,1.00624,0.00121866,0.00121866,0.00121866
165,926.753,0.60012,0.3497,0.86555,0.99092,0.96667,0.97432,0.78785,0.77469,0.30994,1.02852,0.00121591,0.00121591,0.00121591
166,932.121,0.63457,0.36404,0.88144,0.99543,0.96667,0.97205,0.79778,0.78439,0.31541,1.02643,0.00121316,0.00121316,0.00121316
167,937.712,0.57521,0.35028,0.86368,0.99722,0.96667,0.97246,0.80955,0.77035,0.32645,1.02119,0.00121041,0.00121041,0.00121041
168,943.548,0.58035,0.33937,0.86573,0.99634,0.96667,0.97416,0.80087,0.79842,0.33649,1.04517,0.00120766,0.00120766,0.00120766
169,949.034,0.57906,0.34509,0.87034,0.99654,0.96667,0.97635,0.80059,0.80945,0.32795,1.05628,0.00120491,0.00120491,0.00120491
170,955.077,0.59605,0.3453,0.87712,0.99561,0.96667,0.97686,0.80424,0.8262,0.34902,1.05033,0.00120216,0.00120216,0.00120216
171,960.181,0.58732,0.3338,0.86266,0.99019,0.96667,0.9766,0.80577,0.80519,0.34075,1.03205,0.00119941,0.00119941,0.00119941
172,965.896,0.6006,0.34017,0.87815,0.98273,0.96667,0.9766,0.78291,0.80703,0.35341,0.99153,0.00119666,0.00119666,0.00119666
173,971.476,0.55568,0.33685,0.87211,0.99068,0.96667,0.9766,0.80614,0.74958,0.3275,0.9799,0.00119391,0.00119391,0.00119391
174,977.186,0.60736,0.33908,0.86639,0.99483,0.96667,0.97743,0.81688,0.75489,0.3127,0.98964,0.00119115,0.00119115,0.00119115
175,982.742,0.60034,0.35453,0.87679,0.99613,0.96667,0.97385,0.8063,0.75189,0.32132,1.00131,0.0011884,0.0011884,0.0011884
176,988.348,0.59679,0.33408,0.87314,0.99573,0.96667,0.97416,0.81021,0.75977,0.33999,0.98166,0.00118565,0.00118565,0.00118565
177,993.943,0.58938,0.3456,0.86325,0.99473,0.96667,0.97611,0.79499,0.77264,0.3308,1.00222,0.0011829,0.0011829,0.0011829
178,999.493,0.59497,0.33839,0.8629,0.99416,0.96667,0.97635,0.81118,0.79081,0.32083,1.00168,0.00118015,0.00118015,0.00118015
179,1004.91,0.59319,0.34078,0.8789,0.99135,0.96667,0.97611,0.80598,0.77416,0.33071,0.9968,0.0011774,0.0011774,0.0011774
180,1010.59,0.60061,0.34544,0.87388,0.99465,0.96667,0.97743,0.82652,0.76459,0.33645,1.0004,0.00117465,0.00117465,0.00117465
181,1016.1,0.57882,0.32833,0.87257,0.99623,0.96667,0.97911,0.82053,0.75263,0.31177,0.98186,0.0011719,0.0011719,0.0011719
182,1021.99,0.56094,0.33542,0.87327,0.99029,0.96667,0.98131,0.82891,0.75256,0.30993,0.97613,0.00116915,0.00116915,0.00116915
183,1027.74,0.60444,0.3673,0.8754,0.98677,0.96667,0.98035,0.83601,0.71178,0.33328,0.9665,0.0011664,0.0011664,0.0011664
184,1033.63,0.61573,0.35711,0.88159,0.99379,0.96667,0.97911,0.82138,0.74693,0.31047,0.97287,0.00116365,0.00116365,0.00116365
185,1038.77,0.57152,0.32945,0.86143,0.99424,0.96667,0.97714,0.82588,0.74172,0.31943,0.99211,0.0011609,0.0011609,0.0011609
186,1044.22,0.5793,0.32805,0.85935,0.99265,0.96667,0.974,0.81096,0.75309,0.3169,1.00828,0.00115815,0.00115815,0.00115815
187,1049.81,0.58303,0.3328,0.87578,0.98962,0.96667,0.97504,0.81637,0.76758,0.31902,1.00917,0.0011554,0.0011554,0.0011554
188,1055.57,0.57683,0.32997,0.86244,0.98817,0.96667,0.97544,0.81443,0.76062,0.33024,0.99238,0.00115265,0.00115265,0.00115265
189,1061.13,0.5808,0.34536,0.85968,0.9927,0.96667,0.97565,0.82806,0.76687,0.30983,0.99335,0.0011499,0.0011499,0.0011499
190,1066.83,0.6049,0.35819,0.87812,0.99414,0.96667,0.97114,0.77565,0.78118,0.33373,0.99952,0.00114715,0.00114715,0.00114715
191,1072.51,0.58028,0.34626,0.86412,0.99537,0.96667,0.97033,0.76991,0.80823,0.32686,1.01411,0.0011444,0.0011444,0.0011444
192,1078.21,0.575,0.33343,0.85533,0.99361,0.96667,0.97196,0.80455,0.75568,0.30415,1.00592,0.00114164,0.00114164,0.00114164
193,1083.89,0.55488,0.32364,0.8474,0.99452,0.96667,0.971,0.80421,0.7745,0.29841,1.00322,0.00113889,0.00113889,0.00113889
194,1089.29,0.58841,0.34335,0.86643,0.9954,0.96667,0.97257,0.7851,0.81654,0.31827,1.01345,0.00113614,0.00113614,0.00113614
195,1094.72,0.55428,0.31677,0.86788,0.9946,0.96667,0.97504,0.80897,0.79702,0.30152,1.01371,0.00113339,0.00113339,0.00113339
196,1100.46,0.55754,0.31541,0.86847,0.99307,0.96667,0.9766,0.8067,0.77969,0.29861,1.0197,0.00113064,0.00113064,0.00113064
197,1106.1,0.5958,0.33178,0.86926,0.99259,0.96667,0.97485,0.80998,0.77998,0.33016,1.01503,0.00112789,0.00112789,0.00112789
198,1111.92,0.55146,0.32258,0.86235,0.98613,0.96667,0.97279,0.81527,0.72335,0.315,0.99733,0.00112514,0.00112514,0.00112514
199,1117.5,0.58154,0.33623,0.8659,0.99228,0.96667,0.97467,0.81301,0.71907,0.31903,1.00019,0.00112239,0.00112239,0.00112239
200,1123.12,0.5582,0.33044,0.86416,0.99522,0.96667,0.97838,0.83643,0.74637,0.33112,0.99778,0.00111964,0.00111964,0.00111964
201,1129.04,0.55574,0.31447,0.85658,0.99604,0.96667,0.97773,0.83064,0.73476,0.31311,0.99201,0.00111689,0.00111689,0.00111689
202,1134.52,0.56765,0.33602,0.86044,0.99565,0.96667,0.97773,0.83425,0.72127,0.29755,0.98203,0.00111414,0.00111414,0.00111414
203,1140.05,0.55602,0.3211,0.86933,0.9941,0.96667,0.97773,0.8333,0.75909,0.32335,0.98731,0.00111139,0.00111139,0.00111139
204,1145.71,0.57406,0.33305,0.86328,0.99321,0.96667,0.97874,0.82839,0.73094,0.31663,0.99074,0.00110864,0.00110864,0.00110864
205,1151.25,0.55049,0.31607,0.86088,0.99497,0.96667,0.97773,0.81121,0.74592,0.31318,0.98571,0.00110589,0.00110589,0.00110589
206,1156.68,0.56453,0.3269,0.86322,0.99702,0.96667,0.97874,0.8214,0.76783,0.33006,0.9971,0.00110314,0.00110314,0.00110314
207,1162.27,0.57519,0.33427,0.86151,0.9972,0.96667,0.97911,0.81886,0.75501,0.30183,0.98721,0.00110039,0.00110039,0.00110039
208,1167.95,0.56763,0.31774,0.85798,0.99728,0.96667,0.97991,0.80908,0.77032,0.3126,0.98355,0.00109764,0.00109764,0.00109764
209,1173.23,0.58778,0.33001,0.8757,0.99751,0.96667,0.97874,0.82468,0.72979,0.30376,0.96045,0.00109489,0.00109489,0.00109489
210,1178.86,0.58793,0.3336,0.86509,0.99706,0.96667,0.97686,0.80553,0.79248,0.31842,0.98369,0.00109214,0.00109214,0.00109214
211,1184.28,0.59566,0.32972,0.86299,0.99618,0.96667,0.97686,0.82378,0.71414,0.29104,0.96565,0.00108938,0.00108938,0.00108938
212,1189.86,0.58409,0.33346,0.87111,0.99689,0.96667,0.97544,0.80405,0.73441,0.3262,0.99005,0.00108663,0.00108663,0.00108663
213,1195.33,0.55741,0.32042,0.85334,0.99697,0.96667,0.97773,0.81537,0.74927,0.30524,0.9966,0.00108388,0.00108388,0.00108388
214,1200.73,0.52402,0.30584,0.84931,0.99559,0.96667,0.97773,0.81455,0.80813,0.33154,1.00713,0.00108113,0.00108113,0.00108113
215,1206.25,0.56824,0.32548,0.85842,0.99618,0.96667,0.97805,0.82917,0.76911,0.30824,0.99134,0.00107838,0.00107838,0.00107838
216,1211.92,0.56834,0.32687,0.85793,0.99728,0.96667,0.97196,0.78647,0.74909,0.33135,0.97117,0.00107563,0.00107563,0.00107563
217,1217.7,0.57663,0.3292,0.86435,0.99717,0.96667,0.97007,0.78735,0.74131,0.31033,0.97881,0.00107288,0.00107288,0.00107288
218,1223.67,0.55548,0.32405,0.86524,0.99646,0.96667,0.96918,0.79982,0.74842,0.30459,0.98256,0.00107013,0.00107013,0.00107013
219,1229.32,0.5262,0.3023,0.84739,0.9952,0.96667,0.97093,0.7875,0.79227,0.31601,0.98759,0.00106738,0.00106738,0.00106738
220,1234.6,0.54938,0.32061,0.85403,0.99351,0.96667,0.97291,0.80889,0.75988,0.30492,0.98345,0.00106463,0.00106463,0.00106463
221,1239.92,0.5477,0.3163,0.84913,0.99282,0.96667,0.97449,0.81116,0.76518,0.30313,0.99301,0.00106188,0.00106188,0.00106188
222,1245.3,0.56806,0.32111,0.85654,0.99357,0.96667,0.97467,0.82891,0.72827,0.30063,0.97421,0.00105913,0.00105913,0.00105913
223,1250.73,0.54798,0.31269,0.84797,0.99227,0.96667,0.974,0.79837,0.7739,0.31852,0.99453,0.00105638,0.00105638,0.00105638
224,1256.23,0.59266,0.33151,0.862,0.99704,0.96667,0.97544,0.80026,0.79042,0.33426,0.9852,0.00105363,0.00105363,0.00105363
225,1261.79,0.57127,0.32543,0.86955,0.99777,0.96667,0.97524,0.81315,0.75854,0.30141,1.00251,0.00105088,0.00105088,0.00105088
226,1267.48,0.5607,0.3239,0.86938,0.99753,0.96667,0.97449,0.78429,0.84727,0.31986,1.01468,0.00104813,0.00104813,0.00104813
227,1273.07,0.55204,0.31456,0.86614,0.99642,0.96667,0.97121,0.81446,0.79713,0.31126,1.00281,0.00104538,0.00104538,0.00104538
228,1278.63,0.55329,0.32391,0.86446,0.99544,0.96667,0.96884,0.78408,0.78561,0.31383,0.99898,0.00104263,0.00104263,0.00104263
229,1283.95,0.55856,0.32235,0.87006,0.99677,0.96667,0.96997,0.78866,0.82017,0.33657,0.99261,0.00103987,0.00103987,0.00103987
230,1289.24,0.54642,0.31466,0.85685,0.99581,0.96667,0.97356,0.80648,0.77047,0.31544,0.99749,0.00103712,0.00103712,0.00103712
231,1294.69,0.59767,0.33059,0.86485,0.99029,0.96667,0.97449,0.80806,0.78551,0.32712,0.99122,0.00103437,0.00103437,0.00103437
232,1300.22,0.53456,0.31512,0.86603,0.99056,0.96667,0.974,0.81696,0.75164,0.31972,0.98389,0.00103162,0.00103162,0.00103162
233,1305.71,0.5601,0.32815,0.85476,0.98735,0.96667,0.97485,0.8149,0.75982,0.34418,0.98108,0.00102887,0.00102887,0.00102887
234,1311.3,0.54851,0.327,0.86026,0.97526,0.96667,0.97686,0.82494,0.7553,0.35559,0.9836,0.00102612,0.00102612,0.00102612
235,1316.73,0.54255,0.30968,0.85552,0.98063,0.96667,0.98082,0.81988,0.7777,0.3469,0.98075,0.00102337,0.00102337,0.00102337
236,1322.29,0.53218,0.31499,0.84958,0.98871,0.96667,0.97991,0.81042,0.79255,0.33341,0.99635,0.00102062,0.00102062,0.00102062
