epoch,time,train/box_loss,train/cls_loss,train/dfl_loss,metrics/precision(B),metrics/recall(B),metrics/mAP50(B),metrics/mAP50-95(B),val/box_loss,val/cls_loss,val/dfl_loss,lr/pg0,lr/pg1,lr/pg2,lr/pg3,lr/pg4,lr/pg5,lr/pg6,lr/pg7
1,42.6799,2.12848,3.46078,1.61971,0.84734,0.8,0.87479,0.42852,1.6323,1.44103,1.41894,0.00080016,0.00026672,0.00080016,0.00026672,0.00080016,0.00026672,0.00080016,0.00026672
2,49.9553,1.66245,1.79013,1.38905,1,0.82598,0.95944,0.56693,1.27114,0.96345,1.23373,0.00164761,0.000549202,0.00164761,0.000549202,0.00164761,0.000549202,0.00164761,0.000549202
3,57.2444,1.25434,1.05422,1.17223,1,0.95552,0.99,0.69773,1.07444,0.56052,1.07389,0.00249225,0.000830749,0.00249225,0.000830749,0.00249225,0.000830749,0.00249225,0.000830749
4,63.3555,1.11549,0.83204,1.09541,0.96761,0.99598,0.99306,0.72724,1.04808,0.43566,1.06621,0.00333408,0.00111136,0.00333408,0.00111136,0.00333408,0.00111136,0.00333408,0.00111136
5,70.437,0.97801,0.68651,1.02618,0.96423,1,0.99403,0.69983,1.11804,0.39839,1.0988,0.00417311,0.00139104,0.00417311,0.00139104,0.00417311,0.00139104,0.00417311,0.00139104
6,76.5529,0.9411,0.61715,1.00908,1,0.99486,0.995,0.69053,1.04701,0.44256,1.09587,0.00495974,0.00165325,0.00495974,0.00165325,0.00495974,0.00165325,0.00495974,0.00165325
7,82.4981,0.92188,0.57427,1.00907,0.99563,1,0.995,0.74093,0.9965,0.42626,1.07365,0.00495149,0.0016505,0.00495149,0.0016505,0.00495149,0.0016505,0.00495149,0.0016505
8,89.58,0.89986,0.57563,0.9839,1,0.98864,0.995,0.76945,0.88796,0.453,0.98958,0.00494324,0.00164775,0.00494324,0.00164775,0.00494324,0.00164775,0.00494324,0.00164775
9,96.0359,0.85813,0.48404,0.97338,0.96521,1,0.99403,0.77562,0.91913,0.53414,1.00497,0.00493499,0.001645,0.00493499,0.001645,0.00493499,0.001645,0.00493499,0.001645
10,102.77,0.87195,0.4659,0.96424,0.99187,1,0.995,0.77483,0.90722,0.45398,1.00441,0.00492674,0.00164225,0.00492674,0.00164225,0.00492674,0.00164225,0.00492674,0.00164225
11,108.832,0.8211,0.43455,0.95886,0.9924,1,0.995,0.7661,0.94225,0.4016,1.00618,0.00491848,0.00163949,0.00491848,0.00163949,0.00491848,0.00163949,0.00491848,0.00163949
12,115.44,0.803,0.4206,0.93517,0.99108,1,0.995,0.77379,0.96319,0.4372,1.03298,0.00491023,0.00163674,0.00491023,0.00163674,0.00491023,0.00163674,0.00491023,0.00163674
13,121.592,0.77132,0.40986,0.92793,0.96588,1,0.99403,0.78727,0.925,0.53247,1.0114,0.00490198,0.00163399,0.00490198,0.00163399,0.00490198,0.00163399,0.00490198,0.00163399
14,127.989,0.78113,0.41364,0.93344,0.96664,1,0.995,0.80073,0.90423,0.46001,1.01314,0.00489373,0.00163124,0.00489373,0.00163124,0.00489373,0.00163124,0.00489373,0.00163124
15,134.151,0.72734,0.38464,0.92033,0.9682,1,0.995,0.76439,1.00121,0.47656,1.06628,0.00488548,0.00162849,0.00488548,0.00162849,0.00488548,0.00162849,0.00488548,0.00162849
16,140.655,0.73285,0.39174,0.91387,0.96739,1,0.995,0.76944,0.92826,0.38023,1.02488,0.00487723,0.00162574,0.00487723,0.00162574,0.00487723,0.00162574,0.00487723,0.00162574
17,146.732,0.70785,0.3781,0.91087,0.99803,1,0.995,0.79591,0.90178,0.37976,0.99806,0.00486897,0.00162299,0.00486897,0.00162299,0.00486897,0.00162299,0.00486897,0.00162299
18,152.633,0.7249,0.39362,0.90622,0.96535,1,0.99403,0.8056,0.86667,0.36557,0.97319,0.00486072,0.00162024,0.00486072,0.00162024,0.00486072,0.00162024,0.00486072,0.00162024
19,159.1,0.69,0.37703,0.90634,0.96582,1,0.99403,0.81727,0.85209,0.35116,0.95941,0.00485247,0.00161749,0.00485247,0.00161749,0.00485247,0.00161749,0.00485247,0.00161749
20,166.42,0.67224,0.37,0.90067,0.96739,0.9891,0.99403,0.7822,0.88667,0.41029,0.96747,0.00484422,0.00161474,0.00484422,0.00161474,0.00484422,0.00161474,0.00484422,0.00161474
21,172.647,0.69791,0.39793,0.9126,0.96678,1,0.995,0.80962,0.83917,0.40376,0.95883,0.00483597,0.00161199,0.00483597,0.00161199,0.00483597,0.00161199,0.00483597,0.00161199
22,178.53,0.65809,0.37494,0.89829,0.96557,1,0.99306,0.80343,0.79027,0.36931,0.94451,0.00482772,0.00160924,0.00482772,0.00160924,0.00482772,0.00160924,0.00482772,0.00160924
23,184.625,0.6343,0.35841,0.89938,0.96587,1,0.99403,0.78887,0.8231,0.39323,0.95713,0.00481946,0.00160649,0.00481946,0.00160649,0.00481946,0.00160649,0.00481946,0.00160649
24,191.345,0.64818,0.36674,0.89662,0.96503,1,0.99081,0.80309,0.85679,0.38343,0.9862,0.00481121,0.00160374,0.00481121,0.00160374,0.00481121,0.00160374,0.00481121,0.00160374
25,197.183,0.65324,0.35751,0.89106,0.96601,1,0.99081,0.80272,0.88576,0.38879,0.99942,0.00480296,0.00160099,0.00480296,0.00160099,0.00480296,0.00160099,0.00480296,0.00160099
26,203.212,0.62242,0.35382,0.89383,0.99568,1,0.995,0.78269,0.88981,0.39168,0.99522,0.00479471,0.00159824,0.00479471,0.00159824,0.00479471,0.00159824,0.00479471,0.00159824
27,209.218,0.63489,0.35358,0.88884,1,0.99514,0.995,0.78225,0.89569,0.40314,0.99056,0.00478646,0.00159549,0.00478646,0.00159549,0.00478646,0.00159549,0.00478646,0.00159549
28,215.607,0.59342,0.33752,0.87524,0.99848,1,0.995,0.78424,0.86845,0.41015,1.00149,0.00477821,0.00159274,0.00477821,0.00159274,0.00477821,0.00159274,0.00477821,0.00159274
29,221.551,0.63961,0.35742,0.89039,0.99537,1,0.995,0.8064,0.88982,0.40224,1.00474,0.00476995,0.00158998,0.00476995,0.00158998,0.00476995,0.00158998,0.00476995,0.00158998
30,227.691,0.62182,0.34221,0.87392,0.9978,1,0.995,0.76939,0.8402,0.39732,0.98525,0.0047617,0.00158723,0.0047617,0.00158723,0.0047617,0.00158723,0.0047617,0.00158723
31,233.552,0.6106,0.33168,0.87805,0.99741,1,0.995,0.78136,0.85702,0.37005,0.9899,0.00475345,0.00158448,0.00475345,0.00158448,0.00475345,0.00158448,0.00475345,0.00158448
32,240.243,0.6078,0.33463,0.86234,0.99506,1,0.995,0.80923,0.82412,0.35961,0.98007,0.0047452,0.00158173,0.0047452,0.00158173,0.0047452,0.00158173,0.0047452,0.00158173
33,246.245,0.58785,0.32999,0.87659,0.99477,1,0.995,0.79603,0.85505,0.35307,0.99455,0.00473695,0.00157898,0.00473695,0.00157898,0.00473695,0.00157898,0.00473695,0.00157898
34,252.371,0.59437,0.33758,0.87114,0.9951,1,0.995,0.76633,0.86485,0.38295,1.01047,0.0047287,0.00157623,0.0047287,0.00157623,0.0047287,0.00157623,0.0047287,0.00157623
35,258.318,0.56854,0.3379,0.86718,0.9964,1,0.995,0.79019,0.83135,0.36242,0.99433,0.00472044,0.00157348,0.00472044,0.00157348,0.00472044,0.00157348,0.00472044,0.00157348
36,264.983,0.58235,0.33629,0.87673,0.997,1,0.995,0.80278,0.87217,0.31725,1.0231,0.00471219,0.00157073,0.00471219,0.00157073,0.00471219,0.00157073,0.00471219,0.00157073
37,270.661,0.53797,0.32164,0.85954,0.99774,1,0.995,0.82606,0.83507,0.32089,1.00058,0.00470394,0.00156798,0.00470394,0.00156798,0.00470394,0.00156798,0.00470394,0.00156798
38,277.263,0.55597,0.33092,0.85841,0.99684,1,0.995,0.79793,0.87219,0.36743,1.02161,0.00469569,0.00156523,0.00469569,0.00156523,0.00469569,0.00156523,0.00469569,0.00156523
39,283.229,0.59497,0.34106,0.87522,0.99712,1,0.995,0.80247,0.856,0.3834,1.00138,0.00468744,0.00156248,0.00468744,0.00156248,0.00468744,0.00156248,0.00468744,0.00156248
40,289.795,0.55478,0.32579,0.8713,0.99699,1,0.995,0.81034,0.87897,0.33649,1.01672,0.00467919,0.00155973,0.00467919,0.00155973,0.00467919,0.00155973,0.00467919,0.00155973
41,295.865,0.55404,0.32988,0.87383,0.99783,1,0.995,0.80509,0.8483,0.31188,0.99961,0.00467093,0.00155698,0.00467093,0.00155698,0.00467093,0.00155698,0.00467093,0.00155698
42,301.684,0.55757,0.32729,0.86669,0.99759,1,0.995,0.78133,0.87854,0.31996,1.00834,0.00466268,0.00155423,0.00466268,0.00155423,0.00466268,0.00155423,0.00466268,0.00155423
43,307.645,0.55396,0.31514,0.86719,0.99756,1,0.995,0.77717,0.86399,0.34188,1.00649,0.00465443,0.00155148,0.00465443,0.00155148,0.00465443,0.00155148,0.00465443,0.00155148
44,314.058,0.55395,0.32427,0.86164,0.99824,1,0.995,0.76774,0.8714,0.34954,1.00151,0.00464618,0.00154873,0.00464618,0.00154873,0.00464618,0.00154873,0.00464618,0.00154873
45,319.778,0.55017,0.31993,0.86422,0.99803,1,0.995,0.7825,0.91505,0.36102,1.02616,0.00463793,0.00154598,0.00463793,0.00154598,0.00463793,0.00154598,0.00463793,0.00154598
46,325.825,0.51636,0.29664,0.84801,0.99804,1,0.995,0.80167,0.90101,0.3578,1.02491,0.00462968,0.00154323,0.00462968,0.00154323,0.00462968,0.00154323,0.00462968,0.00154323
47,331.91,0.53602,0.2998,0.86869,0.99799,1,0.995,0.80411,0.90263,0.34354,1.02221,0.00462142,0.00154047,0.00462142,0.00154047,0.00462142,0.00154047,0.00462142,0.00154047
48,338.433,0.5546,0.31474,0.85703,0.99798,1,0.995,0.79431,0.88805,0.34014,1.02809,0.00461317,0.00153772,0.00461317,0.00153772,0.00461317,0.00153772,0.00461317,0.00153772
49,344.321,0.53099,0.30689,0.84924,0.99804,1,0.995,0.81131,0.81229,0.34392,0.99235,0.00460492,0.00153497,0.00460492,0.00153497,0.00460492,0.00153497,0.00460492,0.00153497
50,350.242,0.56984,0.33285,0.87173,0.99793,1,0.995,0.80261,0.83838,0.35596,1.00503,0.00459667,0.00153222,0.00459667,0.00153222,0.00459667,0.00153222,0.00459667,0.00153222
51,356.159,0.52377,0.2995,0.85108,0.99812,1,0.995,0.80196,0.88527,0.33424,1.01463,0.00458842,0.00152947,0.00458842,0.00152947,0.00458842,0.00152947,0.00458842,0.00152947
52,362.917,0.54563,0.31203,0.85699,0.99751,1,0.995,0.81381,0.84399,0.32708,0.99552,0.00458017,0.00152672,0.00458017,0.00152672,0.00458017,0.00152672,0.00458017,0.00152672
53,368.598,0.52228,0.3044,0.85887,0.99756,1,0.995,0.81492,0.8894,0.34188,1.00587,0.00457191,0.00152397,0.00457191,0.00152397,0.00457191,0.00152397,0.00457191,0.00152397
54,374.572,0.52124,0.3141,0.84596,0.9981,1,0.995,0.81523,0.8588,0.35611,0.99546,0.00456366,0.00152122,0.00456366,0.00152122,0.00456366,0.00152122,0.00456366,0.00152122
55,380.54,0.51992,0.31285,0.84903,0.99798,1,0.995,0.797,0.89607,0.34157,1.02447,0.00455541,0.00151847,0.00455541,0.00151847,0.00455541,0.00151847,0.00455541,0.00151847
56,387.201,0.50863,0.30791,0.85124,0.9979,1,0.995,0.81133,0.88268,0.36622,1.02335,0.00454716,0.00151572,0.00454716,0.00151572,0.00454716,0.00151572,0.00454716,0.00151572
57,392.932,0.53004,0.32269,0.85917,0.99805,1,0.995,0.80775,0.87835,0.36226,1.01169,0.00453891,0.00151297,0.00453891,0.00151297,0.00453891,0.00151297,0.00453891,0.00151297
58,398.859,0.50535,0.30015,0.84004,0.99789,1,0.995,0.8266,0.81323,0.316,0.99958,0.00453066,0.00151022,0.00453066,0.00151022,0.00453066,0.00151022,0.00453066,0.00151022
59,405.503,0.49621,0.29996,0.84969,0.99796,1,0.995,0.822,0.80314,0.32833,1.00376,0.0045224,0.00150747,0.0045224,0.00150747,0.0045224,0.00150747,0.0045224,0.00150747
60,412.237,0.48214,0.30535,0.83526,0.99763,1,0.995,0.81367,0.80197,0.29225,0.99334,0.00451415,0.00150472,0.00451415,0.00150472,0.00451415,0.00150472,0.00451415,0.00150472
61,418.105,0.49152,0.3021,0.85071,0.99798,1,0.995,0.81141,0.81703,0.2995,1.00645,0.0045059,0.00150197,0.0045059,0.00150197,0.0045059,0.00150197,0.0045059,0.00150197
62,424.062,0.49699,0.29954,0.85508,0.99813,1,0.995,0.81229,0.84263,0.30419,1.01396,0.00449765,0.00149922,0.00449765,0.00149922,0.00449765,0.00149922,0.00449765,0.00149922
63,429.986,0.47452,0.29605,0.8348,0.99797,1,0.995,0.80552,0.83959,0.30824,1.01342,0.0044894,0.00149647,0.0044894,0.00149647,0.0044894,0.00149647,0.0044894,0.00149647
64,436.669,0.48606,0.29566,0.84431,0.99797,1,0.995,0.79287,0.84378,0.3406,1.01777,0.00448115,0.00149372,0.00448115,0.00149372,0.00448115,0.00149372,0.00448115,0.00149372
65,442.681,0.48228,0.29477,0.84564,0.99762,1,0.995,0.81992,0.81081,0.32854,0.99399,0.00447289,0.00149096,0.00447289,0.00149096,0.00447289,0.00149096,0.00447289,0.00149096
66,448.807,0.48559,0.29458,0.83663,0.99754,1,0.995,0.84186,0.79201,0.3142,0.98462,0.00446464,0.00148821,0.00446464,0.00148821,0.00446464,0.00148821,0.00446464,0.00148821
67,455.397,0.47336,0.28314,0.83762,0.99733,1,0.995,0.80348,0.81072,0.30532,0.98413,0.00445639,0.00148546,0.00445639,0.00148546,0.00445639,0.00148546,0.00445639,0.00148546
68,462.069,0.49628,0.30509,0.85896,0.9974,1,0.995,0.82249,0.77759,0.31177,0.97139,0.00444814,0.00148271,0.00444814,0.00148271,0.00444814,0.00148271,0.00444814,0.00148271
69,467.89,0.48246,0.28857,0.84429,0.99732,1,0.995,0.79808,0.83762,0.34967,0.98269,0.00443989,0.00147996,0.00443989,0.00147996,0.00443989,0.00147996,0.00443989,0.00147996
70,474.025,0.49347,0.29132,0.85372,0.99742,1,0.995,0.81929,0.84612,0.38415,0.98349,0.00443164,0.00147721,0.00443164,0.00147721,0.00443164,0.00147721,0.00443164,0.00147721
71,479.949,0.46555,0.28502,0.83928,0.99813,1,0.995,0.81573,0.83566,0.32207,0.98222,0.00442338,0.00147446,0.00442338,0.00147446,0.00442338,0.00147446,0.00442338,0.00147446
72,486.706,0.4745,0.28275,0.85264,0.99795,1,0.995,0.83707,0.7964,0.32247,0.98056,0.00441513,0.00147171,0.00441513,0.00147171,0.00441513,0.00147171,0.00441513,0.00147171
73,492.883,0.48048,0.29676,0.83519,0.99804,1,0.995,0.83357,0.78979,0.3047,0.9836,0.00440688,0.00146896,0.00440688,0.00146896,0.00440688,0.00146896,0.00440688,0.00146896
74,499.003,0.46999,0.27921,0.84566,0.99807,1,0.995,0.81828,0.83811,0.31505,1.00152,0.00439863,0.00146621,0.00439863,0.00146621,0.00439863,0.00146621,0.00439863,0.00146621
75,504.972,0.47172,0.28147,0.85036,0.99797,1,0.995,0.80794,0.82109,0.30522,1.00335,0.00439038,0.00146346,0.00439038,0.00146346,0.00439038,0.00146346,0.00439038,0.00146346
76,511.42,0.45944,0.27257,0.82991,0.99808,1,0.995,0.81279,0.83187,0.30032,0.99926,0.00438213,0.00146071,0.00438213,0.00146071,0.00438213,0.00146071,0.00438213,0.00146071
77,517.401,0.46539,0.27586,0.84302,0.99794,1,0.995,0.83342,0.82575,0.29305,0.99348,0.00437387,0.00145796,0.00437387,0.00145796,0.00437387,0.00145796,0.00437387,0.00145796
78,523.562,0.47682,0.29367,0.83272,0.99801,1,0.995,0.80925,0.83736,0.30516,0.99911,0.00436562,0.00145521,0.00436562,0.00145521,0.00436562,0.00145521,0.00436562,0.00145521
79,529.314,0.46417,0.28048,0.83291,0.99812,1,0.995,0.82823,0.85271,0.2975,0.99814,0.00435737,0.00145246,0.00435737,0.00145246,0.00435737,0.00145246,0.00435737,0.00145246
80,535.893,0.45859,0.28719,0.82971,0.99813,1,0.995,0.80053,0.87121,0.29646,0.99468,0.00434912,0.00144971,0.00434912,0.00144971,0.00434912,0.00144971,0.00434912,0.00144971
81,542.029,0.44386,0.27884,0.84859,0.99787,1,0.995,0.82781,0.85451,0.3172,0.98505,0.00434087,0.00144696,0.00434087,0.00144696,0.00434087,0.00144696,0.00434087,0.00144696
82,548.024,0.4529,0.27967,0.84811,0.99798,1,0.995,0.8045,0.85869,0.33236,0.99297,0.00433262,0.00144421,0.00433262,0.00144421,0.00433262,0.00144421,0.00433262,0.00144421
83,554.088,0.44559,0.26877,0.82483,0.99797,1,0.995,0.82669,0.82351,0.30469,0.9843,0.00432436,0.00144145,0.00432436,0.00144145,0.00432436,0.00144145,0.00432436,0.00144145
84,560.591,0.46164,0.28005,0.84226,0.99813,1,0.995,0.82523,0.82287,0.31827,0.99398,0.00431611,0.0014387,0.00431611,0.0014387,0.00431611,0.0014387,0.00431611,0.0014387
85,566.788,0.45023,0.27697,0.83388,0.99807,1,0.995,0.80385,0.83986,0.31245,1.00448,0.00430786,0.00143595,0.00430786,0.00143595,0.00430786,0.00143595,0.00430786,0.00143595
86,572.685,0.44162,0.27576,0.83592,0.99811,1,0.995,0.83552,0.83265,0.30407,1.00615,0.00429961,0.0014332,0.00429961,0.0014332,0.00429961,0.0014332,0.00429961,0.0014332
87,578.407,0.4559,0.28578,0.8483,0.99816,1,0.995,0.82418,0.81939,0.33378,1.00827,0.00429136,0.00143045,0.00429136,0.00143045,0.00429136,0.00143045,0.00429136,0.00143045
88,584.911,0.42557,0.27083,0.82908,0.99823,1,0.995,0.81755,0.81845,0.31703,1.00181,0.00428311,0.0014277,0.00428311,0.0014277,0.00428311,0.0014277,0.00428311,0.0014277
89,590.943,0.4327,0.27071,0.8325,0.99823,1,0.995,0.83654,0.80048,0.29523,0.99565,0.00427485,0.00142495,0.00427485,0.00142495,0.00427485,0.00142495,0.00427485,0.00142495
90,596.575,0.43057,0.2691,0.84269,0.99815,1,0.995,0.82833,0.8261,0.30239,1.00334,0.0042666,0.0014222,0.0042666,0.0014222,0.0042666,0.0014222,0.0042666,0.0014222
91,602.568,0.45188,0.28211,0.83892,0.99772,1,0.995,0.82334,0.87628,0.31263,1.01821,0.00425835,0.00141945,0.00425835,0.00141945,0.00425835,0.00141945,0.00425835,0.00141945
92,609.239,0.42516,0.26319,0.83376,0.99725,1,0.995,0.80324,0.8952,0.32814,1.03476,0.0042501,0.0014167,0.0042501,0.0014167,0.0042501,0.0014167,0.0042501,0.0014167
93,614.908,0.44682,0.27273,0.84692,0.99617,1,0.995,0.78553,0.89748,0.31997,1.03645,0.00424185,0.00141395,0.00424185,0.00141395,0.00424185,0.00141395,0.00424185,0.00141395
94,620.68,0.41701,0.25819,0.8199,0.99742,1,0.995,0.80292,0.87204,0.3128,1.02796,0.0042336,0.0014112,0.0042336,0.0014112,0.0042336,0.0014112,0.0042336,0.0014112
95,626.676,0.4516,0.2761,0.83585,0.99689,1,0.995,0.7833,0.87363,0.31176,1.03316,0.00422534,0.00140845,0.00422534,0.00140845,0.00422534,0.00140845,0.00422534,0.00140845
96,632.958,0.42494,0.25867,0.83832,0.99762,1,0.995,0.79273,0.8758,0.31568,1.03055,0.00421709,0.0014057,0.00421709,0.0014057,0.00421709,0.0014057,0.00421709,0.0014057
97,638.846,0.44102,0.26767,0.83945,0.99715,1,0.995,0.79844,0.87949,0.32496,1.02351,0.00420884,0.00140295,0.00420884,0.00140295,0.00420884,0.00140295,0.00420884,0.00140295
98,644.57,0.44425,0.26574,0.83986,0.99784,1,0.995,0.80114,0.85924,0.32155,1.02256,0.00420059,0.0014002,0.00420059,0.0014002,0.00420059,0.0014002,0.00420059,0.0014002
99,650.384,0.43072,0.25605,0.83091,0.99812,1,0.995,0.80828,0.86934,0.31805,1.02625,0.00419234,0.00139745,0.00419234,0.00139745,0.00419234,0.00139745,0.00419234,0.00139745
100,657.277,0.43869,0.26764,0.84237,0.99816,1,0.995,0.80208,0.85768,0.31209,1.02538,0.00418409,0.0013947,0.00418409,0.0013947,0.00418409,0.0013947,0.00418409,0.0013947
101,663.381,0.42288,0.25712,0.82507,0.9982,1,0.995,0.80867,0.85909,0.31659,1.03007,0.00417584,0.00139195,0.00417584,0.00139195,0.00417584,0.00139195,0.00417584,0.00139195
102,669.358,0.42827,0.26284,0.83715,0.99824,1,0.995,0.81954,0.86197,0.32339,1.02876,0.00416758,0.00138919,0.00416758,0.00138919,0.00416758,0.00138919,0.00416758,0.00138919
103,675.375,0.42369,0.2595,0.81899,0.99827,1,0.995,0.80886,0.85307,0.32779,1.01986,0.00415933,0.00138644,0.00415933,0.00138644,0.00415933,0.00138644,0.00415933,0.00138644
104,682.154,0.42376,0.26362,0.83125,1,1,0.995,0.81542,0.83871,0.32021,1.01306,0.00415108,0.00138369,0.00415108,0.00138369,0.00415108,0.00138369,0.00415108,0.00138369
105,687.959,0.40643,0.25623,0.82421,0.99808,1,0.995,0.8108,0.86486,0.32164,1.0187,0.00414283,0.00138094,0.00414283,0.00138094,0.00414283,0.00138094,0.00414283,0.00138094
106,693.842,0.41599,0.26242,0.82495,0.99814,1,0.995,0.80374,0.84191,0.32468,1.01328,0.00413458,0.00137819,0.00413458,0.00137819,0.00413458,0.00137819,0.00413458,0.00137819
107,700.087,0.43176,0.26752,0.82679,0.99819,1,0.995,0.81408,0.86442,0.33093,1.0231,0.00412633,0.00137544,0.00412633,0.00137544,0.00412633,0.00137544,0.00412633,0.00137544
108,706.688,0.41359,0.25699,0.82608,0.99819,1,0.995,0.81512,0.85805,0.31119,1.02242,0.00411807,0.00137269,0.00411807,0.00137269,0.00411807,0.00137269,0.00411807,0.00137269
109,712.51,0.43453,0.26624,0.82324,1,1,0.995,0.82264,0.86298,0.31732,1.03234,0.00410982,0.00136994,0.00410982,0.00136994,0.00410982,0.00136994,0.00410982,0.00136994
110,718.526,0.45237,0.27723,0.83442,0.99816,1,0.995,0.82541,0.85768,0.29025,1.03519,0.00410157,0.00136719,0.00410157,0.00136719,0.00410157,0.00136719,0.00410157,0.00136719
111,724.542,0.4334,0.26384,0.83696,1,1,0.995,0.82776,0.86047,0.28959,1.03182,0.00409332,0.00136444,0.00409332,0.00136444,0.00409332,0.00136444,0.00409332,0.00136444
112,730.9,0.42741,0.26769,0.83293,1,1,0.995,0.83297,0.83739,0.29306,1.01959,0.00408507,0.00136169,0.00408507,0.00136169,0.00408507,0.00136169,0.00408507,0.00136169
113,737.131,0.41635,0.26358,0.83552,1,1,0.995,0.83059,0.85396,0.30657,1.02451,0.00407682,0.00135894,0.00407682,0.00135894,0.00407682,0.00135894,0.00407682,0.00135894
114,743.206,0.4294,0.27756,0.82423,0.99827,1,0.995,0.8184,0.85825,0.3142,1.02965,0.00406856,0.00135619,0.00406856,0.00135619,0.00406856,0.00135619,0.00406856,0.00135619
115,749.093,0.41697,0.26092,0.82831,0.99815,1,0.995,0.83595,0.8399,0.32409,1.01978,0.00406031,0.00135344,0.00406031,0.00135344,0.00406031,0.00135344,0.00406031,0.00135344
116,755.553,0.40131,0.25894,0.82286,0.99813,1,0.995,0.85114,0.81642,0.32013,0.99405,0.00405206,0.00135069,0.00405206,0.00135069,0.00405206,0.00135069,0.00405206,0.00135069
117,761.925,0.40518,0.24833,0.82285,0.99823,1,0.995,0.82648,0.82119,0.31983,0.99862,0.00404381,0.00134794,0.00404381,0.00134794,0.00404381,0.00134794,0.00404381,0.00134794
118,767.842,0.4244,0.25299,0.83777,0.99837,1,0.995,0.83313,0.81695,0.31849,1.00056,0.00403556,0.00134519,0.00403556,0.00134519,0.00403556,0.00134519,0.00403556,0.00134519
119,773.785,0.39806,0.24787,0.82878,0.99822,1,0.995,0.83796,0.81654,0.29596,0.99854,0.00402731,0.00134244,0.00402731,0.00134244,0.00402731,0.00134244,0.00402731,0.00134244
120,780.575,0.40424,0.24854,0.82396,0.99818,1,0.995,0.83003,0.84345,0.3076,1.00574,0.00401905,0.00133968,0.00401905,0.00133968,0.00401905,0.00133968,0.00401905,0.00133968
121,786.581,0.40127,0.24857,0.80979,0.99826,1,0.995,0.82243,0.83183,0.30635,0.9887,0.0040108,0.00133693,0.0040108,0.00133693,0.0040108,0.00133693,0.0040108,0.00133693
122,792.87,0.41753,0.25921,0.82336,0.99819,1,0.995,0.81191,0.82874,0.31454,0.98976,0.00400255,0.00133418,0.00400255,0.00133418,0.00400255,0.00133418,0.00400255,0.00133418
123,798.846,0.41139,0.2518,0.8258,0.99786,1,0.995,0.82688,0.84164,0.31984,1.00315,0.0039943,0.00133143,0.0039943,0.00133143,0.0039943,0.00133143,0.0039943,0.00133143
124,805.314,0.40065,0.25059,0.83553,0.99788,1,0.995,0.81816,0.84538,0.32856,1.00661,0.00398605,0.00132868,0.00398605,0.00132868,0.00398605,0.00132868,0.00398605,0.00132868
125,811.368,0.41151,0.24871,0.82971,0.99785,1,0.995,0.80636,0.82865,0.3027,1.00313,0.0039778,0.00132593,0.0039778,0.00132593,0.0039778,0.00132593,0.0039778,0.00132593
126,817.225,0.39046,0.2479,0.82136,0.99789,1,0.995,0.8035,0.82693,0.3067,1.00149,0.00396954,0.00132318,0.00396954,0.00132318,0.00396954,0.00132318,0.00396954,0.00132318
127,823.086,0.39771,0.25475,0.82838,0.99761,1,0.995,0.81735,0.8377,0.30945,1.0122,0.00396129,0.00132043,0.00396129,0.00132043,0.00396129,0.00132043,0.00396129,0.00132043
128,829.766,0.39864,0.25919,0.83581,0.99752,1,0.995,0.79818,0.84021,0.32149,1.00426,0.00395304,0.00131768,0.00395304,0.00131768,0.00395304,0.00131768,0.00395304,0.00131768
129,835.862,0.39616,0.25753,0.82578,0.99791,1,0.995,0.78777,0.86197,0.32318,1.01335,0.00394479,0.00131493,0.00394479,0.00131493,0.00394479,0.00131493,0.00394479,0.00131493
130,841.75,0.40905,0.26669,0.83512,0.99804,1,0.995,0.81021,0.82958,0.29231,1.00924,0.00393654,0.00131218,0.00393654,0.00131218,0.00393654,0.00131218,0.00393654,0.00131218
131,847.627,0.38627,0.24959,0.82335,1,1,0.995,0.80981,0.83366,0.30912,1.01494,0.00392829,0.00130943,0.00392829,0.00130943,0.00392829,0.00130943,0.00392829,0.00130943
132,854.286,0.39765,0.25593,0.82952,1,1,0.995,0.83032,0.82333,0.31879,1.01284,0.00392003,0.00130668,0.00392003,0.00130668,0.00392003,0.00130668,0.00392003,0.00130668
133,860.288,0.38659,0.24851,0.81625,0.99823,1,0.995,0.82549,0.82766,0.3147,1.02461,0.00391178,0.00130393,0.00391178,0.00130393,0.00391178,0.00130393,0.00391178,0.00130393
134,866.184,0.39757,0.24905,0.82033,0.99824,1,0.995,0.82439,0.84461,0.31514,1.02487,0.00390353,0.00130118,0.00390353,0.00130118,0.00390353,0.00130118,0.00390353,0.00130118
135,872.014,0.39767,0.25179,0.82056,0.99807,1,0.995,0.82649,0.84247,0.31539,1.01848,0.00389528,0.00129843,0.00389528,0.00129843,0.00389528,0.00129843,0.00389528,0.00129843
136,878.69,0.39839,0.25238,0.81722,0.99791,1,0.995,0.8338,0.84459,0.30796,1.01366,0.00388703,0.00129568,0.00388703,0.00129568,0.00388703,0.00129568,0.00388703,0.00129568
137,884.485,0.39769,0.25667,0.823,0.99804,1,0.995,0.8387,0.84005,0.29582,1.01576,0.00387878,0.00129293,0.00387878,0.00129293,0.00387878,0.00129293,0.00387878,0.00129293
138,890.407,0.39229,0.25176,0.82012,0.99813,1,0.995,0.82835,0.84297,0.28376,1.01108,0.00387052,0.00129017,0.00387052,0.00129017,0.00387052,0.00129017,0.00387052,0.00129017
139,896.381,0.38788,0.24309,0.83123,0.99816,1,0.995,0.82633,0.83868,0.2909,1.00924,0.00386227,0.00128742,0.00386227,0.00128742,0.00386227,0.00128742,0.00386227,0.00128742
140,902.902,0.37181,0.24253,0.81331,0.99817,1,0.995,0.82228,0.84403,0.30344,1.01573,0.00385402,0.00128467,0.00385402,0.00128467,0.00385402,0.00128467,0.00385402,0.00128467
141,908.627,0.39489,0.25134,0.82987,0.99824,1,0.995,0.80655,0.83087,0.29348,1.01385,0.00384577,0.00128192,0.00384577,0.00128192,0.00384577,0.00128192,0.00384577,0.00128192
142,914.722,0.39878,0.2504,0.82712,0.99824,1,0.995,0.81631,0.82171,0.30171,1.01576,0.00383752,0.00127917,0.00383752,0.00127917,0.00383752,0.00127917,0.00383752,0.00127917
143,921.035,0.39884,0.25607,0.81274,0.99819,1,0.995,0.82309,0.82996,0.28855,1.01668,0.00382927,0.00127642,0.00382927,0.00127642,0.00382927,0.00127642,0.00382927,0.00127642
144,927.688,0.41922,0.25388,0.83262,0.99818,1,0.995,0.83082,0.84314,0.29963,1.02222,0.00382101,0.00127367,0.00382101,0.00127367,0.00382101,0.00127367,0.00382101,0.00127367
145,933.736,0.38549,0.24844,0.82481,1,1,0.995,0.82297,0.84544,0.29714,1.01717,0.00381276,0.00127092,0.00381276,0.00127092,0.00381276,0.00127092,0.00381276,0.00127092
146,940.027,0.39374,0.25474,0.83181,1,1,0.995,0.83255,0.83823,0.29009,1.00765,0.00380451,0.00126817,0.00380451,0.00126817,0.00380451,0.00126817,0.00380451,0.00126817
147,946.18,0.40916,0.25871,0.83273,0.99819,1,0.995,0.85233,0.82586,0.29029,0.99854,0.00379626,0.00126542,0.00379626,0.00126542,0.00379626,0.00126542,0.00379626,0.00126542
148,953.347,0.3947,0.24922,0.8303,0.99822,1,0.995,0.8311,0.85004,0.29139,1.00868,0.00378801,0.00126267,0.00378801,0.00126267,0.00378801,0.00126267,0.00378801,0.00126267
149,959.404,0.38566,0.23934,0.82104,0.99829,1,0.995,0.82281,0.86894,0.29729,1.01072,0.00377976,0.00125992,0.00377976,0.00125992,0.00377976,0.00125992,0.00377976,0.00125992
150,965.782,0.38213,0.24233,0.81698,0.9982,1,0.995,0.82868,0.87497,0.30002,1.01264,0.0037715,0.00125717,0.0037715,0.00125717,0.0037715,0.00125717,0.0037715,0.00125717
151,971.54,0.36562,0.23649,0.82027,0.99822,1,0.995,0.82546,0.85859,0.29443,1.00529,0.00376325,0.00125442,0.00376325,0.00125442,0.00376325,0.00125442,0.00376325,0.00125442
152,978.301,0.39109,0.24332,0.82547,0.99819,1,0.995,0.83031,0.84365,0.30943,0.99503,0.003755,0.00125167,0.003755,0.00125167,0.003755,0.00125167,0.003755,0.00125167
153,984.295,0.37984,0.24601,0.81648,0.99821,1,0.995,0.81832,0.85382,0.31603,1.00348,0.00374675,0.00124892,0.00374675,0.00124892,0.00374675,0.00124892,0.00374675,0.00124892
154,989.931,0.39078,0.25516,0.83046,0.99817,1,0.995,0.82585,0.87168,0.29109,1.01585,0.0037385,0.00124617,0.0037385,0.00124617,0.0037385,0.00124617,0.0037385,0.00124617
155,995.98,0.37306,0.2395,0.81839,0.99814,1,0.995,0.83795,0.86189,0.30047,1.00899,0.00373025,0.00124342,0.00373025,0.00124342,0.00373025,0.00124342,0.00373025,0.00124342
156,1002.53,0.36338,0.2388,0.81258,0.99815,1,0.995,0.81626,0.86063,0.30203,1.00957,0.00372199,0.00124066,0.00372199,0.00124066,0.00372199,0.00124066,0.00372199,0.00124066
157,1008.51,0.37263,0.24108,0.81808,0.99815,1,0.995,0.81448,0.8689,0.30267,1.02211,0.00371374,0.00123791,0.00371374,0.00123791,0.00371374,0.00123791,0.00371374,0.00123791
158,1014.58,0.37917,0.24744,0.82285,0.99817,1,0.995,0.80419,0.86666,0.29411,1.02027,0.00370549,0.00123516,0.00370549,0.00123516,0.00370549,0.00123516,0.00370549,0.00123516
159,1020.73,0.3655,0.23991,0.81347,0.99818,1,0.995,0.80182,0.87728,0.30418,1.02259,0.00369724,0.00123241,0.00369724,0.00123241,0.00369724,0.00123241,0.00369724,0.00123241
160,1027.23,0.36689,0.23933,0.82406,0.99815,1,0.995,0.82222,0.84687,0.29961,1.01595,0.00368899,0.00122966,0.00368899,0.00122966,0.00368899,0.00122966,0.00368899,0.00122966
161,1033.15,0.37065,0.24067,0.82993,0.99815,1,0.995,0.82679,0.85595,0.30816,1.0225,0.00368074,0.00122691,0.00368074,0.00122691,0.00368074,0.00122691,0.00368074,0.00122691
162,1039.12,0.38856,0.24755,0.82985,0.99815,1,0.995,0.82842,0.84902,0.30529,1.02066,0.00367248,0.00122416,0.00367248,0.00122416,0.00367248,0.00122416,0.00367248,0.00122416
163,1045.15,0.3996,0.25317,0.82984,0.9981,1,0.995,0.84041,0.86467,0.29475,1.02418,0.00366423,0.00122141,0.00366423,0.00122141,0.00366423,0.00122141,0.00366423,0.00122141
164,1051.58,0.36243,0.23651,0.80972,0.99811,1,0.995,0.83051,0.87423,0.29537,1.03136,0.00365598,0.00121866,0.00365598,0.00121866,0.00365598,0.00121866,0.00365598,0.00121866
165,1057.51,0.37212,0.24146,0.81656,0.9981,1,0.995,0.81766,0.86387,0.30817,1.02321,0.00364773,0.00121591,0.00364773,0.00121591,0.00364773,0.00121591,0.00364773,0.00121591
166,1063.6,0.37389,0.23936,0.82018,0.99814,1,0.995,0.82573,0.86308,0.30401,1.02361,0.00363948,0.00121316,0.00363948,0.00121316,0.00363948,0.00121316,0.00363948,0.00121316
167,1069.43,0.3861,0.24787,0.82569,0.9982,1,0.995,0.82248,0.83874,0.31399,1.02277,0.00363123,0.00121041,0.00363123,0.00121041,0.00363123,0.00121041,0.00363123,0.00121041
168,1076.08,0.37515,0.24559,0.83831,0.99821,1,0.995,0.81895,0.84625,0.32335,1.02578,0.00362297,0.00120766,0.00362297,0.00120766,0.00362297,0.00120766,0.00362297,0.00120766
169,1082.12,0.34864,0.23133,0.82218,0.9982,1,0.995,0.81586,0.84845,0.31317,1.02311,0.00361472,0.00120491,0.00361472,0.00120491,0.00361472,0.00120491,0.00361472,0.00120491
170,1088.17,0.36717,0.23498,0.82459,0.99826,1,0.995,0.80858,0.85206,0.31506,1.017,0.00360647,0.00120216,0.00360647,0.00120216,0.00360647,0.00120216,0.00360647,0.00120216
171,1094.42,0.36163,0.24193,0.81659,0.99829,1,0.995,0.80299,0.87952,0.30959,1.02844,0.00359822,0.00119941,0.00359822,0.00119941,0.00359822,0.00119941,0.00359822,0.00119941
172,1101.04,0.36906,0.24341,0.82446,0.99838,1,0.995,0.79973,0.88192,0.31089,1.02678,0.00358997,0.00119666,0.00358997,0.00119666,0.00358997,0.00119666,0.00358997,0.00119666
173,1105.34,0.3585,0.23849,0.81663,0.99839,1,0.995,0.80489,0.85816,0.29672,1.01905,0.00358172,0.00119391,0.00358172,0.00119391,0.00358172,0.00119391,0.00358172,0.00119391
174,1113.45,0.3562,0.2313,0.80543,0.99828,1,0.995,0.8119,0.84509,0.29974,1.01261,0.00357346,0.00119115,0.00357346,0.00119115,0.00357346,0.00119115,0.00357346,0.00119115
175,1119.67,0.36635,0.22925,0.82087,0.99825,1,0.995,0.82272,0.82961,0.2981,1.0032,0.00356521,0.0011884,0.00356521,0.0011884,0.00356521,0.0011884,0.00356521,0.0011884
176,1126.09,0.38353,0.24372,0.8261,0.99827,1,0.995,0.83261,0.83906,0.31146,1.01,0.00355696,0.00118565,0.00355696,0.00118565,0.00355696,0.00118565,0.00355696,0.00118565
177,1131.98,0.3486,0.22978,0.80241,0.99827,1,0.995,0.82322,0.86832,0.3139,1.02237,0.00354871,0.0011829,0.00354871,0.0011829,0.00354871,0.0011829,0.00354871,0.0011829
178,1137.94,0.36925,0.23733,0.81677,0.99822,1,0.995,0.82184,0.86942,0.31033,1.02649,0.00354046,0.00118015,0.00354046,0.00118015,0.00354046,0.00118015,0.00354046,0.00118015
179,1144.05,0.37677,0.24016,0.81682,0.99819,1,0.995,0.83988,0.83938,0.30293,1.01602,0.00353221,0.0011774,0.00353221,0.0011774,0.00353221,0.0011774,0.00353221,0.0011774
180,1150.61,0.35052,0.23386,0.81523,0.99819,1,0.995,0.82651,0.82812,0.30139,1.01532,0.00352395,0.00117465,0.00352395,0.00117465,0.00352395,0.00117465,0.00352395,0.00117465
181,1156.89,0.35369,0.22891,0.81188,0.99826,1,0.995,0.84221,0.79294,0.28596,1.00498,0.0035157,0.0011719,0.0035157,0.0011719,0.0035157,0.0011719,0.0035157,0.0011719
182,1162.76,0.35789,0.22949,0.81399,0.99824,1,0.995,0.8421,0.79763,0.27797,1.00369,0.00350745,0.00116915,0.00350745,0.00116915,0.00350745,0.00116915,0.00350745,0.00116915
183,1168.47,0.37489,0.23481,0.82174,0.99824,1,0.995,0.84684,0.80312,0.27451,1.00579,0.0034992,0.0011664,0.0034992,0.0011664,0.0034992,0.0011664,0.0034992,0.0011664
184,1175.01,0.36031,0.22874,0.82209,0.9982,1,0.995,0.84814,0.79601,0.27715,1.00053,0.00349095,0.00116365,0.00349095,0.00116365,0.00349095,0.00116365,0.00349095,0.00116365
185,1181.06,0.33974,0.22356,0.81613,0.99813,1,0.995,0.83759,0.82945,0.27303,1.01483,0.0034827,0.0011609,0.0034827,0.0011609,0.0034827,0.0011609,0.0034827,0.0011609
186,1187.28,0.34415,0.22107,0.80257,0.99814,1,0.995,0.83172,0.85612,0.27878,1.02177,0.00347444,0.00115815,0.00347444,0.00115815,0.00347444,0.00115815,0.00347444,0.00115815
187,1193.27,0.35541,0.21735,0.81258,0.99815,1,0.995,0.83334,0.85073,0.30705,1.02122,0.00346619,0.0011554,0.00346619,0.0011554,0.00346619,0.0011554,0.00346619,0.0011554
188,1200.09,0.35325,0.23098,0.8105,0.99819,1,0.995,0.83061,0.82136,0.28973,1.01279,0.00345794,0.00115265,0.00345794,0.00115265,0.00345794,0.00115265,0.00345794,0.00115265
189,1206.19,0.35265,0.22805,0.80832,0.99819,1,0.995,0.82609,0.81701,0.27354,1.01629,0.00344969,0.0011499,0.00344969,0.0011499,0.00344969,0.0011499,0.00344969,0.0011499
190,1212.38,0.35753,0.23029,0.82047,0.99824,1,0.995,0.83109,0.82639,0.28983,1.02119,0.00344144,0.00114715,0.00344144,0.00114715,0.00344144,0.00114715,0.00344144,0.00114715
191,1218.37,0.34003,0.22089,0.81916,0.99825,1,0.995,0.83493,0.8369,0.28662,1.03251,0.00343319,0.0011444,0.00343319,0.0011444,0.00343319,0.0011444,0.00343319,0.0011444
192,1224.73,0.36907,0.24218,0.8164,0.99819,1,0.995,0.82875,0.86107,0.32069,1.0483,0.00342493,0.00114164,0.00342493,0.00114164,0.00342493,0.00114164,0.00342493,0.00114164
193,1230.62,0.36548,0.23702,0.8157,0.99824,1,0.995,0.82533,0.85351,0.33344,1.04811,0.00341668,0.00113889,0.00341668,0.00113889,0.00341668,0.00113889,0.00341668,0.00113889
194,1236.53,0.35273,0.22949,0.81651,0.99826,1,0.995,0.82439,0.86219,0.31786,1.04634,0.00340843,0.00113614,0.00340843,0.00113614,0.00340843,0.00113614,0.00340843,0.00113614
195,1242.67,0.35531,0.2268,0.81831,0.99822,1,0.995,0.81922,0.87338,0.33491,1.04463,0.00340018,0.00113339,0.00340018,0.00113339,0.00340018,0.00113339,0.00340018,0.00113339
196,1249.38,0.35161,0.22092,0.80837,0.99819,1,0.995,0.82223,0.86086,0.2882,1.04657,0.00339193,0.00113064,0.00339193,0.00113064,0.00339193,0.00113064,0.00339193,0.00113064
197,1255.45,0.33978,0.22227,0.81433,0.99819,1,0.995,0.81736,0.87443,0.30317,1.04396,0.00338368,0.00112789,0.00338368,0.00112789,0.00338368,0.00112789,0.00338368,0.00112789
198,1261.5,0.34929,0.22647,0.81909,0.99815,1,0.995,0.81427,0.86298,0.32549,1.03914,0.00337542,0.00112514,0.00337542,0.00112514,0.00337542,0.00112514,0.00337542,0.00112514
199,1267.58,0.3493,0.22738,0.80508,0.99797,1,0.995,0.81213,0.85233,0.31641,1.03664,0.00336717,0.00112239,0.00336717,0.00112239,0.00336717,0.00112239,0.00336717,0.00112239
200,1274.1,0.35399,0.22426,0.81989,0.99812,1,0.995,0.82503,0.84795,0.31326,1.03565,0.00335892,0.00111964,0.00335892,0.00111964,0.00335892,0.00111964,0.00335892,0.00111964
201,1280.02,0.33125,0.21753,0.81386,0.99808,1,0.995,0.82845,0.85715,0.3183,1.0328,0.00335067,0.00111689,0.00335067,0.00111689,0.00335067,0.00111689,0.00335067,0.00111689
202,1285.97,0.33705,0.22368,0.81637,0.9981,1,0.995,0.82753,0.86979,0.31284,1.0374,0.00334242,0.00111414,0.00334242,0.00111414,0.00334242,0.00111414,0.00334242,0.00111414
203,1292,0.35935,0.22435,0.80897,0.99818,1,0.995,0.83288,0.86629,0.30487,1.03249,0.00333417,0.00111139,0.00333417,0.00111139,0.00333417,0.00111139,0.00333417,0.00111139
204,1298.25,0.35144,0.22606,0.81595,0.99808,1,0.995,0.82093,0.87702,0.30827,1.03625,0.00332592,0.00110864,0.00332592,0.00110864,0.00332592,0.00110864,0.00332592,0.00110864
205,1304.51,0.34159,0.22359,0.82002,0.99818,1,0.995,0.82427,0.87417,0.31907,1.03906,0.00331766,0.00110589,0.00331766,0.00110589,0.00331766,0.00110589,0.00331766,0.00110589
206,1310.49,0.35028,0.22476,0.81995,0.99825,1,0.995,0.81978,0.86333,0.32425,1.03907,0.00330941,0.00110314,0.00330941,0.00110314,0.00330941,0.00110314,0.00330941,0.00110314
207,1316.28,0.36764,0.23015,0.81487,0.99825,1,0.995,0.82176,0.85152,0.30218,1.02538,0.00330116,0.00110039,0.00330116,0.00110039,0.00330116,0.00110039,0.00330116,0.00110039
208,1322.95,0.34749,0.21928,0.81732,0.99823,1,0.995,0.84126,0.82637,0.28618,1.01677,0.00329291,0.00109764,0.00329291,0.00109764,0.00329291,0.00109764,0.00329291,0.00109764
209,1328.8,0.33951,0.2161,0.8095,0.99825,1,0.995,0.83715,0.82917,0.28884,1.01954,0.00328466,0.00109489,0.00328466,0.00109489,0.00328466,0.00109489,0.00328466,0.00109489
210,1334.67,0.32292,0.21136,0.79973,0.99822,1,0.995,0.82157,0.83486,0.29082,1.01929,0.00327641,0.00109214,0.00327641,0.00109214,0.00327641,0.00109214,0.00327641,0.00109214
211,1340.48,0.35617,0.22578,0.80828,0.99817,1,0.995,0.83189,0.83909,0.30798,1.01605,0.00326815,0.00108938,0.00326815,0.00108938,0.00326815,0.00108938,0.00326815,0.00108938
212,1346.81,0.33044,0.21379,0.82025,0.9982,1,0.995,0.81674,0.85073,0.31269,1.02359,0.0032599,0.00108663,0.0032599,0.00108663,0.0032599,0.00108663,0.0032599,0.00108663
213,1352.75,0.34079,0.22256,0.81179,0.99819,1,0.995,0.82479,0.856,0.30855,1.02558,0.00325165,0.00108388,0.00325165,0.00108388,0.00325165,0.00108388,0.00325165,0.00108388
214,1358.84,0.33479,0.21623,0.80265,0.99822,1,0.995,0.83187,0.86468,0.31304,1.02545,0.0032434,0.00108113,0.0032434,0.00108113,0.0032434,0.00108113,0.0032434,0.00108113
215,1364.9,0.34031,0.22186,0.81943,0.99819,1,0.995,0.83144,0.87848,0.30402,1.03023,0.00323515,0.00107838,0.00323515,0.00107838,0.00323515,0.00107838,0.00323515,0.00107838
216,1371.52,0.33189,0.2167,0.81366,0.99821,1,0.995,0.83526,0.85865,0.29942,1.02464,0.0032269,0.00107563,0.0032269,0.00107563,0.0032269,0.00107563,0.0032269,0.00107563
217,1377.6,0.33551,0.22033,0.81109,0.99823,1,0.995,0.82238,0.85556,0.29435,1.02089,0.00321864,0.00107288,0.00321864,0.00107288,0.00321864,0.00107288,0.00321864,0.00107288
218,1383.65,0.33294,0.21404,0.79566,0.99821,1,0.995,0.82608,0.84989,0.30148,1.02063,0.00321039,0.00107013,0.00321039,0.00107013,0.00321039,0.00107013,0.00321039,0.00107013
219,1389.38,0.33608,0.22697,0.82122,0.99818,1,0.995,0.82198,0.83344,0.29362,1.01233,0.00320214,0.00106738,0.00320214,0.00106738,0.00320214,0.00106738,0.00320214,0.00106738
220,1395.91,0.33394,0.21499,0.81333,0.99819,1,0.995,0.81242,0.85273,0.29688,1.02678,0.00319389,0.00106463,0.00319389,0.00106463,0.00319389,0.00106463,0.00319389,0.00106463
221,1401.74,0.35846,0.23269,0.82604,1,1,0.995,0.81668,0.86318,0.29553,1.03172,0.00318564,0.00106188,0.00318564,0.00106188,0.00318564,0.00106188,0.00318564,0.00106188
222,1407.62,0.32882,0.21724,0.79955,0.99819,1,0.995,0.82249,0.87246,0.29578,1.03877,0.00317739,0.00105913,0.00317739,0.00105913,0.00317739,0.00105913,0.00317739,0.00105913
223,1413.72,0.31194,0.20854,0.80233,0.9982,1,0.995,0.82859,0.86602,0.29458,1.03949,0.00316913,0.00105638,0.00316913,0.00105638,0.00316913,0.00105638,0.00316913,0.00105638
224,1420.44,0.33871,0.22381,0.81624,0.99822,1,0.995,0.81899,0.87758,0.29235,1.04013,0.00316088,0.00105363,0.00316088,0.00105363,0.00316088,0.00105363,0.00316088,0.00105363
225,1426.18,0.3205,0.21616,0.81179,0.99814,1,0.995,0.81875,0.86324,0.29416,1.03683,0.00315263,0.00105088,0.00315263,0.00105088,0.00315263,0.00105088,0.00315263,0.00105088
226,1432.06,0.31947,0.21407,0.80488,0.99819,1,0.995,0.82742,0.84683,0.28543,1.03175,0.00314438,0.00104813,0.00314438,0.00104813,0.00314438,0.00104813,0.00314438,0.00104813
227,1437.9,0.33016,0.21958,0.80723,0.99823,1,0.995,0.8321,0.85266,0.2937,1.03149,0.00313613,0.00104538,0.00313613,0.00104538,0.00313613,0.00104538,0.00313613,0.00104538
228,1444.03,0.33193,0.20839,0.81111,0.99823,1,0.995,0.83185,0.84808,0.27484,1.02348,0.00312788,0.00104263,0.00312788,0.00104263,0.00312788,0.00104263,0.00312788,0.00104263
229,1449.94,0.32289,0.2112,0.80311,0.99816,1,0.995,0.81928,0.85211,0.28287,1.0222,0.00311962,0.00103987,0.00311962,0.00103987,0.00311962,0.00103987,0.00311962,0.00103987
230,1455.92,0.33119,0.21762,0.81554,0.99817,1,0.995,0.82628,0.84378,0.28131,1.01793,0.00311137,0.00103712,0.00311137,0.00103712,0.00311137,0.00103712,0.00311137,0.00103712
231,1461.95,0.32143,0.21344,0.80784,0.99822,1,0.995,0.83735,0.83045,0.27617,1.01367,0.00310312,0.00103437,0.00310312,0.00103437,0.00310312,0.00103437,0.00310312,0.00103437
232,1468.49,0.32847,0.21225,0.80721,0.99821,1,0.995,0.84157,0.83174,0.27503,1.01247,0.00309487,0.00103162,0.00309487,0.00103162,0.00309487,0.00103162,0.00309487,0.00103162
233,1474.29,0.32652,0.21558,0.81496,0.99823,1,0.995,0.84071,0.84175,0.28136,1.01754,0.00308662,0.00102887,0.00308662,0.00102887,0.00308662,0.00102887,0.00308662,0.00102887
234,1480.25,0.33897,0.21576,0.81056,0.99821,1,0.995,0.83525,0.86538,0.282,1.03936,0.00307837,0.00102612,0.00307837,0.00102612,0.00307837,0.00102612,0.00307837,0.00102612
235,1485.99,0.32443,0.21639,0.80974,0.99824,1,0.995,0.83648,0.85322,0.2962,1.03801,0.00307011,0.00102337,0.00307011,0.00102337,0.00307011,0.00102337,0.00307011,0.00102337
236,1492.5,0.31812,0.21296,0.80551,0.99827,1,0.995,0.83453,0.82163,0.30017,1.01944,0.00306186,0.00102062,0.00306186,0.00102062,0.00306186,0.00102062,0.00306186,0.00102062
237,1498.6,0.31868,0.21247,0.80718,0.99813,1,0.995,0.82544,0.83639,0.28764,1.0262,0.00305361,0.00101787,0.00305361,0.00101787,0.00305361,0.00101787,0.00305361,0.00101787
238,1504.56,0.33845,0.22111,0.81819,0.9975,1,0.995,0.81422,0.83576,0.28805,1.01905,0.00304536,0.00101512,0.00304536,0.00101512,0.00304536,0.00101512,0.00304536,0.00101512
239,1510.47,0.32509,0.20701,0.80284,0.99817,1,0.995,0.80611,0.83496,0.30785,1.00768,0.00303711,0.00101237,0.00303711,0.00101237,0.00303711,0.00101237,0.00303711,0.00101237
240,1516.8,0.32058,0.20683,0.81083,0.99814,1,0.995,0.8236,0.81373,0.31507,0.98996,0.00302886,0.00100962,0.00302886,0.00100962,0.00302886,0.00100962,0.00302886,0.00100962
241,1522.77,0.3438,0.2219,0.81145,0.99813,1,0.995,0.80628,0.81498,0.30254,0.98668,0.0030206,0.00100687,0.0030206,0.00100687,0.0030206,0.00100687,0.0030206,0.00100687
242,1528.67,0.32104,0.2155,0.80235,0.99814,1,0.995,0.8139,0.82529,0.289,0.9982,0.00301235,0.00100412,0.00301235,0.00100412,0.00301235,0.00100412,0.00301235,0.00100412
243,1534.67,0.32806,0.20876,0.81074,0.99805,1,0.995,0.80114,0.87231,0.29041,1.02741,0.0030041,0.00100137,0.0030041,0.00100137,0.0030041,0.00100137,0.0030041,0.00100137
244,1541.31,0.32454,0.20801,0.81248,0.99805,1,0.995,0.81297,0.87084,0.29342,1.0305,0.00299585,0.000998616,0.00299585,0.000998616,0.00299585,0.000998616,0.00299585,0.000998616
245,1547.3,0.3215,0.21377,0.80828,0.99786,1,0.995,0.81057,0.86982,0.30298,1.03093,0.0029876,0.000995866,0.0029876,0.000995866,0.0029876,0.000995866,0.0029876,0.000995866
246,1553.28,0.3223,0.20164,0.80556,0.99814,1,0.995,0.80769,0.85304,0.31557,1.01749,0.00297935,0.000993115,0.00297935,0.000993115,0.00297935,0.000993115,0.00297935,0.000993115
247,1559.4,0.33181,0.21556,0.80345,0.99807,1,0.995,0.81755,0.85103,0.31947,1.01209,0.00297109,0.000990365,0.00297109,0.000990365,0.00297109,0.000990365,0.00297109,0.000990365
